time,pos_x,pos_y,pos_z,q,p1,p2,p3
1589985566.6724172,-0.0,0.20154554146280707,0.56,0.04541015625,-0.19537353515625,-0.02593994140625,0.97930908203125
1589985566.6824172,-0.0,0.20154554146280707,0.56,0.04541015625,-0.19537353515625,-0.02593994140625,0.97930908203125
1589985566.6924171,-0.0,0.20154554146280707,0.56,0.04541015625,-0.19537353515625,-0.02593994140625,0.97930908203125
1589985566.7024171,-0.0,0.20154554146280707,0.56,0.04541015625,-0.19537353515625,-0.02593994140625,0.97930908203125
1589985566.7124171,-0.0,0.20154554146280707,0.56,0.04541015625,-0.19537353515625,-0.02593994140625,0.97930908203125
1589985566.722417,-0.0,0.20154554146280707,0.56,0.04541015625,-0.19537353515625,-0.02593994140625,0.97930908203125
1589985566.732417,-0.0,0.20154554146280707,0.56,0.04541015625,-0.19537353515625,-0.02593994140625,0.97930908203125
1589985566.742417,-0.0,0.20154554146280707,0.56,0.04541015625,-0.19537353515625,-0.02593994140625,0.97930908203125
1589985566.752417,-0.0,0.20154554146280707,0.56,0.04541015625,-0.19537353515625,-0.02593994140625,0.97930908203125
1589985566.762417,-0.0,0.20154554146280707,0.56,0.04541015625,-0.19537353515625,-0.02593994140625,0.97930908203125
1589985566.772417,-0.0,0.20154554146280707,0.56,0.04541015625,-0.19537353515625,-0.02593994140625,0.97930908203125
1589985566.782417,-0.0,0.20154554146280707,0.56,0.04541015625,-0.19537353515625,-0.02593994140625,0.97930908203125
1589985566.792417,-0.0,0.20154554146280707,0.56,0.04541015625,-0.19537353515625,-0.02593994140625,0.97930908203125
1589985566.802417,-0.0,0.20154554146280707,0.56,0.04541015625,-0.19537353515625,-0.02593994140625,0.97930908203125
1589985566.812417,-0.0,0.20154554146280707,0.56,0.04541015625,-0.19537353515625,-0.02593994140625,0.97930908203125
1589985566.822417,-0.0,0.20154554146280707,0.56,0.04541015625,-0.19537353515625,-0.02593994140625,0.97930908203125
1589985566.832417,-0.0,0.20154554146280707,0.56,0.04541015625,-0.19537353515625,-0.02593994140625,0.97930908203125
1589985566.842417,-0.0,0.20154554146280707,0.56,0.04541015625,-0.19537353515625,-0.02593994140625,0.97930908203125
1589985566.852417,-0.0,0.20154554146280707,0.56,0.04541015625,-0.19537353515625,-0.02593994140625,0.97930908203125
1589985566.862417,-0.0,0.20154554146280707,0.56,0.04541015625,-0.19537353515625,-0.02593994140625,0.97930908203125
1589985566.872417,-0.0,0.20154554146280707,0.56,0.04541015625,-0.19537353515625,-0.02593994140625,0.97930908203125
1589985566.882417,-0.0,0.20154554146280707,0.56,0.04541015625,-0.19537353515625,-0.02593994140625,0.97930908203125
1589985566.892417,-0.0,0.20154554146280707,0.56,0.04541015625,-0.19537353515625,-0.02593994140625,0.97930908203125
1589985566.902417,-0.0,0.20154554146280707,0.56,0.04541015625,-0.19537353515625,-0.02593994140625,0.97930908203125
1589985566.912417,-0.0,0.20154554146280707,0.56,0.04541015625,-0.19537353515625,-0.02593994140625,0.97930908203125
1589985566.922417,-0.0,0.20154554146280707,0.56,0.04541015625,-0.19537353515625,-0.02593994140625,0.97930908203125
1589985566.932417,-0.0,0.20154554146280707,0.56,0.04541015625,-0.19537353515625,-0.02593994140625,0.97930908203125
1589985566.942417,-0.0,0.20154554146280707,0.56,0.04541015625,-0.19537353515625,-0.02593994140625,0.97930908203125
1589985566.952417,-0.0,0.20154554146280707,0.56,0.04541015625,-0.19537353515625,-0.02593994140625,0.97930908203125
1589985566.962417,-0.0,0.20154554146280707,0.56,0.04541015625,-0.19537353515625,-0.02593994140625,0.97930908203125
1589985566.9724169,-0.0,0.20154554146280707,0.56,0.04541015625,-0.19537353515625,-0.02593994140625,0.97930908203125
1589985566.9824169,-0.0,0.20154554146280707,0.56,0.04541015625,-0.19537353515625,-0.02593994140625,0.97930908203125
1589985566.9924169,-0.0,0.20154554146280707,0.56,0.04541015625,-0.19537353515625,-0.02593994140625,0.97930908203125
1589985567.0024168,-0.0,0.20154554146280707,0.56,0.04541015625,-0.19537353515625,-0.02593994140625,0.97930908203125
1589985567.0124168,-0.0,0.20154554146280707,0.56,0.04541015625,-0.19537353515625,-0.02593994140625,0.97930908203125
1589985567.0224168,-0.0,0.20154554146280707,0.56,0.04541015625,-0.19537353515625,-0.02593994140625,0.97930908203125
1589985567.0324168,-0.0,0.20154554146280707,0.56,0.04541015625,-0.19537353515625,-0.02593994140625,0.97930908203125
1589985567.0424168,-0.0,0.20154554146280707,0.56,0.04541015625,-0.19537353515625,-0.02593994140625,0.97930908203125
1589985567.0524168,-0.0,0.20154554146280707,0.56,0.04541015625,-0.19537353515625,-0.02593994140625,0.97930908203125
1589985567.0624168,-0.0,0.20154554146280707,0.56,0.04541015625,-0.19537353515625,-0.02593994140625,0.97930908203125
1589985567.0724168,-0.0,0.20154554146280707,0.56,0.04541015625,-0.19537353515625,-0.02593994140625,0.97930908203125
1589985567.0824168,-0.0,0.20154554146280707,0.56,0.04541015625,-0.19537353515625,-0.02593994140625,0.97930908203125
1589985567.0924168,-0.0,0.20154554146280707,0.56,0.04541015625,-0.19537353515625,-0.02593994140625,0.97930908203125
1589985567.1024168,-0.0,0.20154554146280707,0.56,0.04541015625,-0.19537353515625,-0.02593994140625,0.97930908203125
1589985567.1124167,-0.0,0.20154554146280707,0.56,0.04541015625,-0.19537353515625,-0.02593994140625,0.97930908203125
1589985567.1224167,-0.0,0.20154554146280707,0.56,0.04541015625,-0.19537353515625,-0.02593994140625,0.97930908203125
1589985567.1324167,-0.0,0.20154554146280707,0.56,0.04541015625,-0.19537353515625,-0.02593994140625,0.97930908203125
1589985567.1424167,-0.0,0.20154554146280707,0.56,0.04541015625,-0.19537353515625,-0.02593994140625,0.97930908203125
1589985567.1524167,-0.0,0.20154554146280707,0.56,0.04541015625,-0.19537353515625,-0.02593994140625,0.97930908203125
1589985567.1624167,-0.0,0.20154554146280707,0.56,0.04541015625,-0.19537353515625,-0.02593994140625,0.97930908203125
1589985567.1724167,-0.0,0.20154554146280707,0.56,0.04541015625,-0.19537353515625,-0.02593994140625,0.97930908203125
1589985567.1824167,-0.0,0.20154554146280707,0.56,0.04541015625,-0.19537353515625,-0.02593994140625,0.97930908203125
1589985567.1924167,-0.0,0.20154554146280707,0.56,0.04541015625,-0.19537353515625,-0.02593994140625,0.97930908203125
1589985567.2024167,-0.0,0.20154554146280707,0.56,0.04541015625,-0.19537353515625,-0.02593994140625,0.97930908203125
1589985567.2124166,-0.0,0.20154554146280707,0.56,0.04541015625,-0.19537353515625,-0.02593994140625,0.97930908203125
1589985567.2224166,-0.0,0.20154554146280707,0.56,0.04541015625,-0.19537353515625,-0.02593994140625,0.97930908203125
1589985567.2324166,-0.0,0.20154554146280707,0.56,0.04541015625,-0.19537353515625,-0.02593994140625,0.97930908203125
1589985567.2424166,-0.0,0.20154554146280707,0.56,0.04541015625,-0.19537353515625,-0.02593994140625,0.97930908203125
1589985567.2524166,-0.0,0.20154554146280707,0.56,0.04541015625,-0.19537353515625,-0.02593994140625,0.97930908203125
1589985567.2624166,-0.0,0.20154554146280707,0.56,0.04541015625,-0.19537353515625,-0.02593994140625,0.97930908203125
1589985567.2724166,-0.0,0.20154554146280707,0.56,0.04541015625,-0.19537353515625,-0.02593994140625,0.97930908203125
1589985567.2824166,-0.0,0.20154554146280707,0.56,0.04541015625,-0.19537353515625,-0.02593994140625,0.97930908203125
1589985567.2924166,-0.0,0.20154554146280707,0.56,0.04541015625,-0.19537353515625,-0.02593994140625,0.97930908203125
1589985567.3024166,-0.0,0.20154554146280707,0.56,0.04541015625,-0.19537353515625,-0.02593994140625,0.97930908203125
1589985567.3124166,-0.0,0.20154554146280707,0.56,0.04541015625,-0.19537353515625,-0.02593994140625,0.97930908203125
1589985567.3224165,-0.0,0.20154554146280707,0.56,0.04541015625,-0.19537353515625,-0.02593994140625,0.97930908203125
1589985567.3324165,-0.0,0.20154554146280707,0.56,0.04541015625,-0.19537353515625,-0.02593994140625,0.97930908203125
1589985567.3424165,-0.0,0.20154554146280707,0.56,0.04541015625,-0.19537353515625,-0.02593994140625,0.97930908203125
1589985567.3524165,-0.0,0.20154554146280707,0.56,0.04541015625,-0.19537353515625,-0.02593994140625,0.97930908203125
1589985567.3624165,-0.0,0.20154554146280707,0.56,0.04541015625,-0.19537353515625,-0.02593994140625,0.97930908203125
1589985567.3724165,-0.0,0.20154554146280707,0.56,0.04541015625,-0.19537353515625,-0.02593994140625,0.97930908203125
1589985567.3824165,-0.0,0.20154554146280707,0.56,0.04541015625,-0.19537353515625,-0.02593994140625,0.97930908203125
1589985567.3924165,-0.0,0.20154554146280707,0.56,0.04541015625,-0.19537353515625,-0.02593994140625,0.97930908203125
1589985567.4024165,-0.0,0.20154554146280707,0.56,0.04541015625,-0.19537353515625,-0.02593994140625,0.97930908203125
1589985567.4124165,-0.0,0.20154554146280707,0.56,0.04541015625,-0.19537353515625,-0.02593994140625,0.97930908203125
1589985567.4224164,-0.0,0.20154554146280707,0.56,0.04541015625,-0.19537353515625,-0.02593994140625,0.97930908203125
1589985567.4324164,-0.0,0.20154554146280707,0.56,0.04541015625,-0.19537353515625,-0.02593994140625,0.97930908203125
1589985567.4424164,-0.0,0.20154554146280707,0.56,0.04541015625,-0.19537353515625,-0.02593994140625,0.97930908203125
1589985567.4524164,-0.0,0.20154554146280707,0.56,0.04541015625,-0.19537353515625,-0.02593994140625,0.97930908203125
1589985567.4624164,-0.0,0.20154554146280707,0.56,0.04541015625,-0.19537353515625,-0.02593994140625,0.97930908203125
1589985567.4724164,-0.0,0.20154554146280707,0.56,0.04541015625,-0.19537353515625,-0.02593994140625,0.97930908203125
1589985567.4824164,-0.0,0.20154554146280707,0.56,0.04541015625,-0.19537353515625,-0.02593994140625,0.97930908203125
1589985567.4924164,-0.0,0.20154554146280707,0.56,0.04541015625,-0.19537353515625,-0.02593994140625,0.97930908203125
1589985567.5024164,-0.0,0.20154554146280707,0.56,0.04541015625,-0.19537353515625,-0.02593994140625,0.97930908203125
1589985567.5124164,-0.0,0.20154554146280707,0.56,0.04541015625,-0.19537353515625,-0.02593994140625,0.97930908203125
1589985567.5224164,-0.0,0.20154554146280707,0.56,0.04541015625,-0.19537353515625,-0.02593994140625,0.97930908203125
1589985567.5324163,-0.0,0.20154554146280707,0.56,0.04541015625,-0.19537353515625,-0.02593994140625,0.97930908203125
1589985567.5424163,-0.0,0.20154554146280707,0.56,0.04541015625,-0.19537353515625,-0.02593994140625,0.97930908203125
1589985567.5524163,-0.0,0.20154554146280707,0.56,0.04541015625,-0.19537353515625,-0.02593994140625,0.97930908203125
1589985567.5624163,-0.0,0.20154554146280707,0.56,0.04541015625,-0.19537353515625,-0.02593994140625,0.97930908203125
1589985567.5724163,-0.0,0.20154554146280707,0.56,0.04541015625,-0.19537353515625,-0.02593994140625,0.97930908203125
1589985567.5824163,-0.0,0.20154554146280707,0.56,0.04541015625,-0.19537353515625,-0.02593994140625,0.97930908203125
1589985567.5924163,-0.0,0.20154554146280707,0.56,0.04541015625,-0.19537353515625,-0.02593994140625,0.97930908203125
1589985567.6024163,-0.0,0.20154554146280707,0.56,0.04541015625,-0.19537353515625,-0.02593994140625,0.97930908203125
1589985567.6124163,-0.0,0.20154554146280707,0.56,0.04541015625,-0.19537353515625,-0.02593994140625,0.97930908203125
1589985567.6224163,-0.0,0.20154554146280707,0.56,0.04541015625,-0.19537353515625,-0.02593994140625,0.97930908203125
1589985567.6324162,-0.0,0.20154554146280707,0.56,0.04541015625,-0.19537353515625,-0.02593994140625,0.97930908203125
1589985567.6424162,-0.0,0.20154554146280707,0.56,0.04541015625,-0.19537353515625,-0.02593994140625,0.97930908203125
1589985567.6524162,-0.0,0.20154554146280707,0.56,0.04541015625,-0.19537353515625,-0.02593994140625,0.97930908203125
1589985567.6624162,-0.0,0.20154554146280707,0.56,0.04541015625,-0.19537353515625,-0.02593994140625,0.97930908203125
1589985567.6724162,-0.0,0.20154554146280707,0.56,0.04541015625,-0.19537353515625,-0.02593994140625,0.97930908203125
1589985567.6824162,-0.0,0.20154554146280707,0.56,0.04541015625,-0.19537353515625,-0.02593994140625,0.97930908203125
1589985567.6924162,-0.0,0.20154554146280707,0.56,0.04541015625,-0.19537353515625,-0.02593994140625,0.97930908203125
1589985567.7024162,-0.0,0.20154554146280707,0.56,0.04541015625,-0.19537353515625,-0.02593994140625,0.97930908203125
1589985567.7124162,-0.0,0.20154554146280707,0.56,0.04541015625,-0.19537353515625,-0.02593994140625,0.97930908203125
1589985567.7224162,-0.0,0.20154554146280707,0.56,0.04541015625,-0.19537353515625,-0.02593994140625,0.97930908203125
1589985567.7324162,-0.0,0.20154554146280707,0.56,0.04541015625,-0.19537353515625,-0.02593994140625,0.97930908203125
1589985567.7424161,-0.0,0.20154554146280707,0.56,0.04541015625,-0.19537353515625,-0.02593994140625,0.97930908203125
1589985567.7524161,-0.0,0.20154554146280707,0.56,0.04541015625,-0.19537353515625,-0.02593994140625,0.97930908203125
1589985567.7624161,-0.0,0.20154554146280707,0.56,0.04541015625,-0.19537353515625,-0.02593994140625,0.97930908203125
1589985567.772416,-0.0,0.20154554146280707,0.56,0.04541015625,-0.19537353515625,-0.02593994140625,0.97930908203125
1589985567.782416,-0.0,0.20154554146280707,0.56,0.04541015625,-0.19537353515625,-0.02593994140625,0.97930908203125
1589985567.792416,-0.0,0.20154554146280707,0.56,0.04541015625,-0.19537353515625,-0.02593994140625,0.97930908203125
1589985567.802416,-0.0,0.20154554146280707,0.56,0.04541015625,-0.19537353515625,-0.02593994140625,0.97930908203125
1589985567.812416,-0.0,0.20154554146280707,0.56,0.04541015625,-0.19537353515625,-0.02593994140625,0.97930908203125
1589985567.822416,-0.0,0.20154554146280707,0.56,0.04541015625,-0.19537353515625,-0.02593994140625,0.97930908203125
1589985567.832416,-0.0,0.20154554146280707,0.56,0.04541015625,-0.19537353515625,-0.02593994140625,0.97930908203125
1589985567.842416,-0.0,0.20154554146280707,0.56,0.04541015625,-0.19537353515625,-0.02593994140625,0.97930908203125
1589985567.852416,-0.0,0.20154554146280707,0.56,0.04541015625,-0.19537353515625,-0.02593994140625,0.97930908203125
1589985567.862416,-0.0,0.20154554146280707,0.56,0.04541015625,-0.19537353515625,-0.02593994140625,0.97930908203125
1589985567.872416,-0.0,0.20154554146280707,0.56,0.04541015625,-0.19537353515625,-0.02593994140625,0.97930908203125
1589985567.882416,-0.0,0.20154554146280707,0.56,0.04541015625,-0.19537353515625,-0.02593994140625,0.97930908203125
1589985567.892416,-0.0,0.20154554146280707,0.56,0.04541015625,-0.19537353515625,-0.02593994140625,0.97930908203125
1589985567.902416,-0.0,0.20154554146280707,0.56,0.04541015625,-0.19537353515625,-0.02593994140625,0.97930908203125
1589985567.912416,-0.0,0.20154554146280707,0.56,0.04541015625,-0.19537353515625,-0.02593994140625,0.97930908203125
1589985567.922416,-0.0,0.20154554146280707,0.56,0.04541015625,-0.19537353515625,-0.02593994140625,0.97930908203125
1589985567.932416,-0.0,0.20154554146280707,0.56,0.04541015625,-0.19537353515625,-0.02593994140625,0.97930908203125
1589985567.942416,-0.0,0.20154554146280707,0.56,0.04541015625,-0.19537353515625,-0.02593994140625,0.97930908203125
1589985567.952416,-0.0,0.20154554146280707,0.56,0.04541015625,-0.19537353515625,-0.02593994140625,0.97930908203125
1589985567.962416,-0.0,0.20154554146280707,0.56,0.04541015625,-0.19537353515625,-0.02593994140625,0.97930908203125
1589985567.972416,-0.0,0.20154554146280707,0.56,0.04541015625,-0.19537353515625,-0.02593994140625,0.97930908203125
1589985567.982416,-0.0,0.20154554146280707,0.56,0.04541015625,-0.19537353515625,-0.02593994140625,0.97930908203125
1589985567.992416,-0.0,0.20154554146280707,0.56,0.04541015625,-0.19537353515625,-0.02593994140625,0.97930908203125
1589985568.002416,-0.0,0.20154554146280707,0.56,0.04541015625,-0.19537353515625,-0.02593994140625,0.97930908203125
1589985568.012416,-0.0,0.20154554146280707,0.56,0.04541015625,-0.19537353515625,-0.02593994140625,0.97930908203125
1589985568.0224159,-0.0,0.20154554146280707,0.56,0.04541015625,-0.19537353515625,-0.02593994140625,0.97930908203125
1589985568.0324159,-0.0,0.20154554146280707,0.56,0.04541015625,-0.19537353515625,-0.02593994140625,0.97930908203125
1589985568.0424159,-0.0,0.20154554146280707,0.56,0.04541015625,-0.19537353515625,-0.02593994140625,0.97930908203125
1589985568.0524158,-0.0,0.20154554146280707,0.56,0.04541015625,-0.19537353515625,-0.02593994140625,0.97930908203125
1589985568.0624158,-0.0,0.20154554146280707,0.56,0.04541015625,-0.19537353515625,-0.02593994140625,0.97930908203125
1589985568.0724158,-0.0,0.20154554146280707,0.56,0.04541015625,-0.19537353515625,-0.02593994140625,0.97930908203125
1589985568.0824158,-0.0,0.20154554146280707,0.56,0.04541015625,-0.19537353515625,-0.02593994140625,0.97930908203125
1589985568.0924158,-0.0,0.20154554146280707,0.56,0.04541015625,-0.19537353515625,-0.02593994140625,0.97930908203125
1589985568.1024158,-0.0,0.20154554146280707,0.56,0.04541015625,-0.19537353515625,-0.02593994140625,0.97930908203125
1589985568.1124158,-0.0,0.20154554146280707,0.56,0.04541015625,-0.19537353515625,-0.02593994140625,0.97930908203125
1589985568.1224158,-0.0,0.20154554146280707,0.56,0.04541015625,-0.19537353515625,-0.02593994140625,0.97930908203125
1589985568.1324158,-0.0,0.20154554146280707,0.56,0.04541015625,-0.19537353515625,-0.02593994140625,0.97930908203125
1589985568.1424158,-0.0,0.20154554146280707,0.56,0.04541015625,-0.19537353515625,-0.02593994140625,0.97930908203125
1589985568.1524158,-0.0,0.20154554146280707,0.56,0.04541015625,-0.19537353515625,-0.02593994140625,0.97930908203125
1589985568.1624157,-0.0,0.20154554146280707,0.56,0.04541015625,-0.19537353515625,-0.02593994140625,0.97930908203125
1589985568.1724157,-0.0,0.20154554146280707,0.56,0.04541015625,-0.19537353515625,-0.02593994140625,0.97930908203125
1589985568.1824157,-0.0,0.20154554146280707,0.56,0.04541015625,-0.19537353515625,-0.02593994140625,0.97930908203125
1589985568.1924157,-0.0,0.20154554146280707,0.56,0.04541015625,-0.19537353515625,-0.02593994140625,0.97930908203125
1589985568.2024157,-0.0,0.20154554146280707,0.56,0.04541015625,-0.19537353515625,-0.02593994140625,0.97930908203125
1589985568.2124157,-0.0,0.20154554146280707,0.56,0.04541015625,-0.19537353515625,-0.02593994140625,0.97930908203125
1589985568.2224157,-0.0,0.20154554146280707,0.56,0.04541015625,-0.19537353515625,-0.02593994140625,0.97930908203125
1589985568.2324157,-0.0,0.20154554146280707,0.56,0.04541015625,-0.19537353515625,-0.02593994140625,0.97930908203125
1589985568.2424157,-0.0,0.20154554146280707,0.56,0.04541015625,-0.19537353515625,-0.02593994140625,0.97930908203125
1589985568.2524157,-0.0,0.20154554146280707,0.56,0.04541015625,-0.19537353515625,-0.02593994140625,0.97930908203125
1589985568.2624156,-0.0,0.20154554146280707,0.56,0.04541015625,-0.1953587029044228,-0.02593994140625,0.9793239142830772
1589985568.2724156,-0.0,0.20154554146280707,0.56,0.04541015625,-0.19531769373247898,-0.02593994140625,0.979364923455021
1589985568.2824156,-0.0,0.20154554146280707,0.56,0.04541015625,-0.1953125,-0.02593994140625,0.9793701171875
1589985568.2924156,-0.0,0.20154554146280707,0.56,0.04541015625,-0.1953125,-0.02593994140625,0.9793701171875
1589985568.3024156,-0.0,0.20154554146280707,0.56,0.04541015625,-0.1953125,-0.02593994140625,0.9793701171875
1589985568.3124156,-0.0,0.20154554146280707,0.56,0.04541015625,-0.1953125,-0.02593994140625,0.9793701171875
1589985568.3224156,-0.0,0.20154554146280707,0.56,0.04541015625,-0.1953125,-0.02593994140625,0.9793701171875
1589985568.3324156,-0.0,0.20154554146280707,0.56,0.04541015625,-0.1953125,-0.02593994140625,0.9793701171875
1589985568.3424156,-0.0,0.20154554146280707,0.56,0.04541015625,-0.1953125,-0.02593994140625,0.9793701171875
1589985568.3524156,-0.0,0.20154554146280707,0.56,0.04541015625,-0.1953125,-0.02593994140625,0.9793701171875
1589985568.3624156,-0.0,0.20154554146280707,0.56,0.04541015625,-0.1953125,-0.02593994140625,0.9793701171875
1589985568.3724155,-0.0,0.20154554146280707,0.56,0.04541015625,-0.1953125,-0.02593994140625,0.9793701171875
1589985568.3824155,-0.0,0.20154554146280707,0.56,0.04541015625,-0.1953125,-0.02593994140625,0.9793701171875
1589985568.3924155,-0.0,0.20154554146280707,0.56,0.04534912109375,-0.1953125,-0.025871412420325465,0.9793701171875
1589985568.4024155,-0.0,0.20154554146280707,0.56,0.04534912109375,-0.1953125,-0.025825833287779196,0.9793701171875
1589985568.4124155,-0.0,0.20154554146280707,0.56,0.04534912109375,-0.1953125,-0.0257568359375,0.9793701171875
1589985568.4224155,-0.0,0.20154554146280707,0.56,0.04534912109375,-0.1953125,-0.0257568359375,0.9793701171875
1589985568.4324155,-0.0,0.20154554146280707,0.56,0.04534912109375,-0.1953125,-0.0257568359375,0.9793701171875
1589985568.4424155,-0.0,0.20154554146280707,0.56,0.04534912109375,-0.19530322410626003,-0.02574756004376002,0.9793701171875
1589985568.4524155,-0.0,0.20154554146280707,0.56,0.04534912109375,-0.19523887332472664,-0.025708392300273362,0.9793701171875
1589985568.4624155,-0.0,0.20154554146280707,0.56,0.04534912109375,-0.19518459965518592,-0.0257568359375,0.9793701171875
1589985568.4724154,-0.0,0.20154554146280707,0.56,0.04534912109375,-0.19513283652111535,-0.0257568359375,0.9793701171875
1589985568.4824154,-0.0,0.20154554146280707,0.56,0.04534912109375,-0.19512939453125,-0.0257568359375,0.9793701171875
1589985568.4924154,-0.0,0.20154554146280707,0.56,0.04534912109375,-0.19512939453125,-0.02574537959514261,0.9793701171875
1589985568.5024154,-0.0,0.20154554146280707,0.56,0.04534912109375,-0.19512939453125,-0.025685708141210874,0.9793701171875
1589985568.5124154,-0.0,0.20154554146280707,0.56,0.04534912109375,-0.19512939453125,-0.02557373046875,0.9793701171875
1589985568.5224154,-0.0,0.20154554146280707,0.56,0.04534912109375,-0.19512939453125,-0.02557373046875,0.9793701171875
1589985568.5324154,-0.0,0.20154554146280707,0.56,0.04529585415598919,-0.1950761275934892,-0.025467196593228384,0.9794233841252608
1589985568.5424154,-0.0,0.20154554146280707,0.56,0.0452880859375,-0.194997525838159,-0.02546145853684102,0.97943115234375
1589985568.5524154,-0.0,0.20154554146280707,0.56,0.0452880859375,-0.19496156071370557,-0.02549742366129443,0.97943115234375
1589985568.5624154,-0.0,0.20154554146280707,0.56,0.0452880859375,-0.1949462890625,-0.02556509708509174,0.97943115234375
1589985568.5724154,-0.0,0.20154554146280707,0.56,0.0452880859375,-0.1949462890625,-0.02557373046875,0.97943115234375
1589985568.5824153,-0.0,0.20154554146280707,0.56,0.0452880859375,-0.1949462890625,-0.02557373046875,0.97943115234375
1589985568.5924153,-0.0,0.20154554146280707,0.56,0.0452880859375,-0.1949462890625,-0.02557373046875,0.97943115234375
1589985568.6024153,-0.0,0.20154554146280707,0.56,0.04522705078125,-0.1949462890625,-0.0255126953125,0.97943115234375
1589985568.6124153,-0.0,0.20154554146280707,0.56,0.04522705078125,-0.1949462890625,-0.0255126953125,0.97943115234375
1589985568.6224153,-0.0,0.20154554146280707,0.56,0.04522705078125,-0.1949462890625,-0.0255126953125,0.97943115234375
1589985568.6324153,-0.0,0.20154554146280707,0.56,0.04522705078125,-0.1949462890625,-0.0255126953125,0.97943115234375
1589985568.6424153,-0.0,0.20154554146280707,0.56,0.04522705078125,-0.1949462890625,-0.02550633932592843,0.97943115234375
1589985568.6524153,-0.0,0.20154554146280707,0.56,0.04522705078125,-0.1949462890625,-0.025459986681505033,0.97943115234375
1589985568.6624153,-0.0,0.20154554146280707,0.56,0.04522705078125,-0.1949462890625,-0.0255126953125,0.97943115234375
1589985568.6724153,-0.0,0.20154554146280707,0.56,0.04522705078125,-0.1949462890625,-0.0255126953125,0.97943115234375
1589985568.6824152,-0.0,0.20154554146280707,0.56,0.04522705078125,-0.1949462890625,-0.025464501212230622,0.97943115234375
1589985568.6924152,-0.0,0.20154554146280707,0.56,0.04522705078125,-0.1949462890625,-0.025390625,0.97943115234375
1589985568.7024152,-0.0,0.20154554146280707,0.56,0.04522705078125,-0.1949462890625,-0.025390625,0.97943115234375
1589985568.7124152,-0.0,0.20154554146280707,0.56,0.04522705078125,-0.1949462890625,-0.025390625,0.97943115234375
1589985568.7224152,-0.0,0.20154554146280707,0.56,0.04522705078125,-0.1949462890625,-0.025390625,0.97943115234375
1589985568.7324152,-0.0,0.20154554146280707,0.56,0.04522705078125,-0.1949462890625,-0.025390625,0.97943115234375
1589985568.7424152,-0.0,0.20154554146280707,0.56,0.04522705078125,-0.1949462890625,-0.025390625,0.97943115234375
1589985568.7524152,-0.0,0.20154554146280707,0.56,0.04522705078125,-0.1949462890625,-0.025390625,0.97943115234375
1589985568.7624152,-0.0,0.20154554146280707,0.56,0.04522705078125,-0.1949462890625,-0.025390625,0.97943115234375
1589985568.7724152,-0.0,0.20154554146280707,0.56,0.04522705078125,-0.1949462890625,-0.025390625,0.97943115234375
1589985568.7824152,-0.0,0.20154554146280707,0.56,0.04518283345011584,-0.19490207173136584,-0.02534640766886584,0.97943115234375
1589985568.7924151,-0.0,0.20154554146280707,0.56,0.045166015625,-0.19488525390625,-0.02532958984375,0.97943115234375
1589985568.8024151,-0.0,0.20154554146280707,0.56,0.045166015625,-0.19488525390625,-0.02532958984375,0.97943115234375
1589985568.8124151,-0.0,0.20154554146280707,0.56,0.045166015625,-0.1949462890625,-0.02532958984375,0.97943115234375
1589985568.822415,-0.0,0.20154554146280707,0.56,0.045166015625,-0.1949462890625,-0.02532958984375,0.97943115234375
1589985568.832415,-0.0,0.20154554146280707,0.56,0.045166015625,-0.19488525390625,-0.02532410983339334,0.97943115234375
1589985568.842415,-0.0,0.20154554146280707,0.56,0.045166015625,-0.19488525390625,-0.0252685546875,0.97943115234375
1589985568.852415,-0.0,0.20154554146280707,0.56,0.045166015625,-0.19488525390625,-0.0252685546875,0.97943115234375
1589985568.862415,-0.0,0.20154554146280707,0.56,0.045166015625,-0.19488525390625,-0.0252685546875,0.97943115234375
1589985568.872415,-0.0,0.20154554146280707,0.56,0.045166015625,-0.19488525390625,-0.025231638201539723,0.97943115234375
1589985568.882415,-0.0,0.20154554146280707,0.56,0.045166015625,-0.19488525390625,-0.02520751953125,0.97943115234375
1589985568.892415,-0.0,0.20154554146280707,0.56,0.045166015625,-0.19488525390625,-0.02520751953125,0.97943115234375
1589985568.902415,-0.0,0.20154554146280707,0.56,0.045166015625,-0.19488525390625,-0.02520751953125,0.97943115234375
1589985568.912415,-0.0,0.20154554146280707,0.56,0.045166015625,-0.19488525390625,-0.02520751953125,0.97943115234375
1589985568.922415,-0.0,0.20154554146280707,0.56,0.045166015625,-0.19488525390625,-0.02520751953125,0.97943115234375
1589985568.932415,-0.0,0.20154554146280707,0.56,0.045166015625,-0.19488525390625,-0.02520751953125,0.97943115234375
1589985568.942415,-0.0,0.20154554146280707,0.56,0.045166015625,-0.19488525390625,-0.02520751953125,0.97943115234375
1589985568.952415,-0.0,0.20154554146280707,0.56,0.045166015625,-0.19488525390625,-0.025149864805332305,0.97943115234375
1589985568.962415,-0.0,0.20154554146280707,0.56,0.045166015625,-0.19488525390625,-0.02514572244278658,0.9794319142759634
1589985568.972415,-0.0,0.20154554146280707,0.56,0.045166015625,-0.19488525390625,-0.02510294101999219,0.9794746956987578
1589985568.982415,-0.0,0.20154554146280707,0.56,0.045166015625,-0.19488525390625,-0.02508544921875,0.9794921875
1589985568.992415,-0.0,0.20154554146280707,0.56,0.04510614142683906,-0.19488525390625,-0.02502557502058906,0.9794921875
1589985569.002415,-0.0,0.20154554146280707,0.56,0.04510498046875,-0.19488525390625,-0.0250244140625,0.9794921875
1589985569.012415,-0.0,0.20154554146280707,0.56,0.04510498046875,-0.19488525390625,-0.0250244140625,0.9794921875
1589985569.022415,-0.0,0.20154554146280707,0.56,0.04510498046875,-0.19488525390625,-0.0250244140625,0.9794921875
1589985569.032415,-0.0,0.20154554146280707,0.56,0.04510498046875,-0.19488525390625,-0.0250244140625,0.9794921875
1589985569.042415,-0.0,0.20154554146280707,0.56,0.04510498046875,-0.19493480683725298,-0.02497486113149703,0.979442634568997
1589985569.052415,-0.0,0.20154554146280707,0.56,0.04510498046875,-0.1949909508953315,-0.02496337890625,0.97943115234375
1589985569.062415,-0.0,0.20154554146280707,0.56,0.04506877762752177,-0.19518833842489117,-0.025035784588706467,0.9793949495025218
1589985569.0724149,-0.0,0.20154554146280707,0.56,0.04508376500205826,-0.19567087720602433,-0.02524472797698303,0.9792904778083835
1589985569.0824149,-0.0,0.20154554146280707,0.56,0.04514079730648216,-0.19625580162130377,-0.02554449087014296,0.9791764131995356
1589985569.0924149,-0.0,0.20154554146280707,0.56,0.04521342084172164,-0.19700725529221644,-0.025980232081579856,0.9790311661290567
1589985569.1024148,-0.0,0.20154554146280707,0.56,0.04533530885655581,-0.19752245795107035,-0.026224398831708715,0.9788956481746942
1589985569.1124148,-0.0,0.20154554146280707,0.56,0.04540620878621629,-0.19779915155111516,-0.026359292572432583,0.9788247482450337
1589985569.1224148,-0.0,0.20154554146280707,0.56,0.04536811313221911,-0.19798311387737355,-0.02645127373556178,0.9787787576634691
1589985569.1324148,-0.0,0.20154554146280707,0.56,0.04514490570544817,-0.19826329741955184,-0.026540311659575457,0.978759765625
1589985569.1424148,-0.0,0.20154554146280707,0.56,0.04481674482258492,-0.19838557569801146,-0.026591469489630724,0.978759765625
1589985569.1524148,-0.0,0.20154554146280707,0.56,0.04414339280603472,-0.19842529296875,-0.02655789396810347,0.978759765625
1589985569.1624148,-0.0,0.20154554146280707,0.56,0.04346026858138832,-0.19837010076592165,-0.02643990856309333,0.9788149578278283
1589985569.1724148,-0.0,0.20154554146280707,0.56,0.042876078173333804,-0.19827760482576395,-0.026254916682777935,0.978864127274618
1589985569.1824148,-0.0,0.20154554146280707,0.56,0.04225025659725739,-0.19820774436487562,-0.02611519576100123,0.9789162790726244
1589985569.1924148,-0.0,0.20154554146280707,0.56,0.041436519445298074,-0.19818115234375,-0.026012548428904807,0.97894287109375
1589985569.2024148,-0.0,0.20154554146280707,0.56,0.04089242749627508,-0.19823469900437188,-0.025893883241256268,0.97894287109375
1589985569.2124147,-0.0,0.20154554146280707,0.56,0.04067524242593211,-0.1982421875,-0.025800267697341055,0.9789821903700795
1589985569.2224147,-0.0,0.20154554146280707,0.56,0.04055059507172322,-0.19816661983094644,-0.025681268268446435,0.97900390625
1589985569.2324147,-0.0,0.20154554146280707,0.56,0.04063465513920551,-0.197905494409089,-0.025527454235794497,0.9790575619446028
1589985569.2424147,-0.0,0.20154554146280707,0.56,0.04086833590505775,-0.19776651564122114,-0.0255126953125,0.97906494140625
1589985569.2524147,-0.0,0.20154554146280707,0.56,0.04100486756976164,-0.1977910105440872,-0.025549799606587216,0.97906494140625
1589985569.2624147,-0.0,0.20154554146280707,0.56,0.04125305917623022,-0.1979913404262302,-0.025706029733735165,0.9790208416512549
1589985569.2724147,-0.0,0.20154554146280707,0.56,0.04139360251206329,-0.19816828462746994,-0.025902439399126585,0.9789675053845933
1589985569.2824147,-0.0,0.20154554146280707,0.56,0.0415308349493136,-0.1983301513555636,-0.026088940418063603,0.9788988891659682
1589985569.2924147,-0.0,0.20154554146280707,0.56,0.0417149863444962,-0.1983642578125,-0.026123046875,0.9788818359375
1589985569.3024147,-0.0,0.20154554146280707,0.56,0.04204717226529898,-0.19821469511735051,-0.026073192643283505,0.9788818359375
1589985569.3124146,-0.0,0.20154554146280707,0.56,0.04241458821187973,-0.1980685284439826,-0.026024470418827533,0.9789193772374225
1589985569.3224146,-0.0,0.20154554146280707,0.56,0.04293745103683424,-0.19792362199181462,-0.026038189004092695,0.97894287109375
1589985569.3324146,-0.0,0.20154554146280707,0.56,0.04344545383840594,-0.1978759765625,-0.02609871151495699,0.978906171297543
1589985569.3424146,-0.0,0.20154554146280707,0.56,0.043950003336510134,-0.19792762099879335,-0.026277980183880067,0.9788818359375
1589985569.3524146,-0.0,0.20154554146280707,0.56,0.04416336464670907,-0.19809402870920906,-0.026463169334209072,0.9788294969406803
1589985569.3624146,-0.0,0.20154554146280707,0.56,0.04413860855309259,-0.19837434004703705,-0.026641791528222228,0.9787699562093426
1589985569.3724146,-0.0,0.20154554146280707,0.56,0.043904255179883764,-0.19855979064206974,-0.026762028396796495,0.978759765625
1589985569.3824146,-0.0,0.20154554146280707,0.56,0.04326321454706197,-0.1987204039655876,-0.026738430829706197,0.978759765625
1589985569.3924146,-0.0,0.20154554146280707,0.56,0.042543936348630705,-0.19873046875,-0.026510413678710234,0.978759765625
1589985569.4024146,-0.0,0.20154554146280707,0.56,0.04187637720352564,-0.19868731935382325,-0.02623036143543956,0.9788029150211768
1589985569.4124146,-0.0,0.20154554146280707,0.56,0.04118700388464152,-0.19863566646468397,-0.026055512616867928,0.978854567910316
1589985569.4224145,-0.0,0.20154554146280707,0.56,0.04050581279924733,-0.1986083984375,-0.025935635216099467,0.9788818359375
1589985569.4324145,-0.0,0.20154554146280707,0.56,0.03991680210005533,-0.1986083984375,-0.025828011938550888,0.9789327302489491
1589985569.4424145,-0.0,0.20154554146280707,0.56,0.039778628785568454,-0.1987243908060223,-0.02581787109375,0.9789042069709092
1589985569.4524145,-0.0,0.20154554146280707,0.56,0.03978337887522955,-0.19884099606272956,-0.02581787109375,0.9788818359375
1589985569.4624145,-0.0,0.20154554146280707,0.56,0.03995114072646802,-0.19895668496347868,-0.02576579814326066,0.9788818359375
1589985569.4724145,-0.0,0.20154554146280707,0.56,0.04002103070550369,-0.1990176127367537,-0.0257568359375,0.9788388325757463
1589985569.4824145,-0.0,0.20154554146280707,0.56,0.03998902370221207,-0.19913572212682587,-0.0257568359375,0.97882080078125
1589985569.4924145,-0.0,0.20154554146280707,0.56,0.03991637231041315,-0.19917826652152895,-0.025736284259721052,0.97882080078125
1589985569.5024145,-0.0,0.20154554146280707,0.56,0.039627025553600086,-0.19925232926428,-0.025662221516970018,0.97882080078125
1589985569.5124145,-0.0,0.20154554146280707,0.56,0.03921158481195629,-0.19951158622441142,-0.02535660434320629,0.9787744405676178
1589985569.5224144,-0.0,0.20154554146280707,0.56,0.03865091641738141,-0.1998212703069343,-0.024835320843537127,0.978759765625
1589985569.5324144,-0.0,0.20154554146280707,0.56,0.03750588025556933,-0.2000032444059224,-0.024493022906905214,0.978759765625
1589985569.5424144,-0.0,0.20154554146280707,0.56,0.037353515625,-0.20001220703125,-0.02447509765625,0.978759765625
1589985569.5524144,-0.0,0.20154554146280707,0.56,0.035370367527059,-0.19974208826489107,-0.024319228808096446,0.978907814078859
1589985569.5624144,-0.0,0.20154554146280707,0.56,0.03347858573517648,-0.1997385393296608,-0.023856822081463728,0.9789743791734108
1589985569.5724144,-0.0,0.20154554146280707,0.56,0.031980104296071794,-0.19898830568079592,-0.02363917120030843,0.9791895635655843
1589985569.5824144,-0.0,0.20154554146280707,0.56,0.03045545336691654,-0.19706478669774985,-0.023684969271333338,0.9796442156295
1589985569.5924144,-0.0,0.20154554146280707,0.56,0.027447997220915534,-0.19379060588414265,-0.023677252135318665,0.980359845156544
1589985569.6024144,-0.0,0.20154554146280707,0.56,0.025089062386922854,-0.19161450629952778,-0.02348776632494753,0.9808564986001049
1589985569.6124144,-0.0,0.20154554146280707,0.56,0.022055657007049805,-0.1891731007962781,-0.02324123170698151,0.9813990331563827
1589985569.6224144,-0.0,0.20154554146280707,0.56,0.019455717059382927,-0.1871965928452557,-0.023076522711062974,0.9818382571454988
1589985569.6324143,-0.0,0.20154554146280707,0.56,0.016008730607972855,-0.1848279188834251,-0.022821790503170465,0.9823561339205613
1589985569.6424143,-0.0,0.20154554146280707,0.56,0.012502953177668898,-0.18263033234789985,-0.022433126214089678,0.9828460281883618
1589985569.6524143,-0.0,0.20154554146280707,0.56,0.009027131283041969,-0.18058248591493145,-0.022060999386122104,0.9832802187054035
1589985569.6624143,-0.0,0.20154554146280707,0.56,0.005658503730540914,-0.178779491105042,-0.02177045880396533,0.9836288674039916
1589985569.6724143,-0.0,0.20154554146280707,0.56,0.001739565314926605,-0.17686973985529908,-0.02137502773726227,0.9839909818617769
1589985569.6824143,-0.0,0.20154554146280707,0.56,-0.0021044187612277833,-0.17522711867113977,-0.020938593227919137,0.9843027207970221
1589985569.6924143,-0.0,0.20154554146280707,0.56,-0.006251167500215717,-0.17371251981437896,-0.02048212633298422,0.984551675209971
1589985569.7024143,-0.0,0.20154554146280707,0.56,-0.010299986914742893,-0.17236151247231093,-0.020039286709520307,0.9847822379517027
1589985569.7124143,-0.0,0.20154554146280707,0.56,-0.014506257922444123,-0.17180378160011617,-0.019544784787809803,0.9848191967312887
1589985569.7224143,-0.0,0.20154554146280707,0.56,-0.018101955676658846,-0.1715623946354493,-0.01910432360421891,0.98480224609375
1589985569.7324142,-0.0,0.20154554146280707,0.56,-0.022020327677104067,-0.17137304490560834,-0.018397935433008356,0.9847648915934292
1589985569.7424142,-0.0,0.20154554146280707,0.56,-0.02512450461629373,-0.17083664162381446,-0.01789524156052256,0.9847901151344935
1589985569.7524142,-0.0,0.20154554146280707,0.56,-0.027667839083128563,-0.17003764087854048,-0.017619920273332992,0.9848696945443056
1589985569.7624142,-0.0,0.20154554146280707,0.56,-0.03251794388227679,-0.16849231560133138,-0.01709775279077837,0.9850048178322747
1589985569.7724142,-0.0,0.20154554146280707,0.56,-0.03564141558102912,-0.1676399910013089,-0.01664170270190813,0.9850554900643713
1589985569.7824142,-0.0,0.20154554146280707,0.56,-0.03991844649308997,-0.16649420141447985,-0.016036556136413055,0.985107421875
1589985569.7924142,-0.0,0.20154554146280707,0.56,-0.043618917915287936,-0.16554503263280715,-0.015570155298073624,0.985107421875
1589985569.8024142,-0.0,0.20154554146280707,0.56,-0.04733819837686011,-0.16471746335004783,-0.015044389629198556,0.9850806219458373
1589985569.8124142,-0.0,0.20154554146280707,0.56,-0.04990149982675689,-0.16414815621879075,-0.014697361163480352,0.98504638671875
1589985569.8224142,-0.0,0.20154554146280707,0.56,-0.05346221352075686,-0.16327990859876834,-0.014268219794594039,0.9850269471358348
1589985569.8324142,-0.0022811762506223243,0.20140200616536608,0.5590044130626656,-0.057111268616260126,-0.16242113587049248,-0.013715504709789978,0.9849526583035675
1589985569.8424141,-0.004761888012528398,0.20124591577098583,0.557921741688732,-0.060217093986046924,-0.1616333529185781,-0.013250758490539055,0.98492431640625
1589985569.8524141,-0.007442135285718221,0.2010772702796663,0.5567519858781995,-0.06261272426645402,-0.16095095379701346,-0.012909558929756728,0.9848888164622511
1589985569.8624141,-0.010321918070191793,0.20089606969140747,0.555495145631068,-0.06496658993058117,-0.16026621173473307,-0.0125499915570135,0.98486328125
1589985569.872414,-0.013401236365949115,0.20070231400620936,0.5541512209473375,-0.06698602986781306,-0.15971419499827663,-0.01218873152643739,0.9848345090796696
1589985569.882414,-0.016680090172990183,0.200496003224072,0.552720211827008,-0.06866704224012676,-0.15923989216995774,-0.011870922647478873,0.9847838524982457
1589985569.892414,-0.02015847949131501,0.20027713734499533,0.5512021182700795,-0.07022608777938846,-0.15872021032353717,-0.011605900266548433,0.9847412109375
1589985569.902414,-0.023836404320923578,0.2000457163689794,0.5495969402765519,-0.07185890558924586,-0.1581605946879038,-0.011306509965457241,0.9847412109375
1589985569.912414,-0.0277138646618159,0.19980174029602416,0.5479046778464255,-0.07354336699122348,-0.1575027748159131,-0.010987216189450338,0.9847412109375
1589985569.922414,-0.03179086051399197,0.19954520912612964,0.5461253309797,-0.07440475567625696,-0.15710788666280845,-0.010761565816247681,0.9847412109375
1589985569.932414,-0.03606739187745178,0.19927612285929586,0.5442588996763754,-0.07510994498345228,-0.15661071296609796,-0.010588912362949747,0.9847412109375
1589985569.942414,-0.04054345875219535,0.19899448149552276,0.542305383936452,-0.07549203717848155,-0.1561069588231264,-0.010521208961339483,0.9847790840074105
1589985569.952414,-0.04521906113822267,0.1987002850348104,0.5402647837599295,-0.07553716234476063,-0.15584737984779248,-0.01042496359678187,0.9848266071864894
1589985569.962414,-0.050094199035533735,0.1983935334771588,0.538137099146808,-0.0754133182517033,-0.15563841928693092,-0.01031494140625,0.9848757341113639
1589985569.972414,-0.05516887244412855,0.19807422682256787,0.5359223300970875,-0.07485422102895745,-0.15531586375484815,-0.01033485242066296,0.9849641384350759
1589985569.982414,-0.06044308136400712,0.19774236507103768,0.533620476610768,-0.0744263294432874,-0.1551602668146045,-0.010373751655723872,0.9850419369051977
1589985569.992414,-0.06591682579516943,0.19739794822256818,0.5312315386878494,-0.07276085513052813,-0.15500186948036493,-0.010580329058905253,0.9851622766642701
1589985570.002414,-0.07159010573761548,0.1970409762771594,0.528755516328332,-0.07106490788569482,-0.15486577138061017,-0.010817806127936454,0.9852978190795932
1589985570.012414,-0.0774629211913453,0.1966714492348114,0.5261924095322155,-0.06921998271136917,-0.15475204966549602,-0.011057719306765858,0.9854508822535119
1589985570.022414,-0.08353527215635886,0.19628936709552405,0.5235422182994999,-0.06723238169262948,-0.15475077004752802,-0.011276029408862052,0.9856146148300841
1589985570.032414,-0.08980715863265619,0.19589472985929746,0.5208049426301854,-0.06502397837343721,-0.15482137169436141,-0.01148600510747285,0.9857539888818614
1589985570.042414,-0.09627858062023725,0.19548753752613154,0.5179805825242719,-0.06185683632620291,-0.1549072265625,-0.011815212212812823,0.9859073426224555
1589985570.052414,-0.10294953811910205,0.1950677900960264,0.5150691379817594,-0.058003781972104804,-0.15499929458722347,-0.012299786328521464,0.9861150172434735
1589985570.062414,-0.10982003112925061,0.19463548756898194,0.5120706090026479,-0.05419995937712582,-0.15521235745725753,-0.01272575152676317,0.9862975737570057
1589985570.072414,-0.11689005965068293,0.1941906299449982,0.5089849955869374,-0.05030938863905458,-0.15538657459943597,-0.01319996284092992,0.986467313071029
1589985570.082414,-0.12415962368339897,0.1937332172240752,0.5058122977346279,-0.045752477489503514,-0.15558553346585421,-0.013807785681708417,0.9866496599232625
1589985570.092414,-0.1316287232273988,0.1932632494062129,0.5025525154457193,-0.0401606599202848,-0.15592310323733996,-0.014482925224679907,0.986852201786154
1589985570.102414,-0.13929735828268236,0.19278072649141131,0.4992056487202119,-0.035565275409854574,-0.15620195362779163,-0.01504062600558328,0.9869834962613472
1589985570.112414,-0.14716552884924966,0.19228564847967045,0.49577169755810535,-0.030456102790827177,-0.1565228889442896,-0.015697460551169086,0.9870904747001799
1589985570.1224139,-0.15523323492710073,0.19177801537099032,0.49225066195939987,-0.023203008484190192,-0.15693989406423037,-0.016600971644374105,0.9872060467971634
1589985570.1324139,-0.1635004765162355,0.19125782716537088,0.4886425419240954,-0.016793985136232408,-0.15733184869519126,-0.017404006302722392,0.98724365234375
1589985570.1424139,-0.17196725361665408,0.19072508386281217,0.4849473374521919,-0.00882551049521994,-0.15790557886934417,-0.018466526062861848,0.9872224595527117
1589985570.1524138,-0.18063356622835638,0.1901797854633142,0.48116504854368936,-0.002863638412585902,-0.15833058262151675,-0.019222088288946435,0.9871752369135814
1589985570.1624138,-0.18949941435134243,0.18962193196687693,0.47729567519858784,0.00880939996969958,-0.1591439820549119,-0.020711531437218152,0.9870013982158274
1589985570.1724138,-0.19856479798561222,0.1890515233735004,0.4733392174168874,0.017581442440257354,-0.15974226409313724,-0.021902846392463236,0.9867487410003064
1589985570.1824138,-0.20782971713116577,0.18846855968318454,0.4692956751985879,0.02614739871181582,-0.16027210342679285,-0.023050886709748586,0.98644844361687
1589985570.1924138,-0.21729417178800312,0.18787304089592943,0.46516504854368934,0.037130191850503425,-0.1608992195811683,-0.02452122599007802,0.9859513663563317
1589985570.2024138,-0.22695816195612417,0.18726496701173503,0.46094733745219185,0.047987157468295925,-0.16147603891316922,-0.02587716842147228,0.9853524314142639
1589985570.2124138,-0.23682168763552897,0.18664433803060138,0.45664254192409537,0.05720508604854198,-0.16196039180585126,-0.027030765408910213,0.9847577909022602
1589985570.2224138,-0.2468847488262175,0.1860111539525284,0.4522506619593999,0.07084614411036981,-0.16249271962293668,-0.02890889600078791,0.9836986135575855
1589985570.2324138,-0.2571473455281898,0.18536541477751617,0.44777169755810536,0.0820606448159504,-0.1628560193646,-0.030493962526850056,0.98272332411305
1589985570.2424138,-0.26760947774144583,0.18470712050556465,0.4432056487202119,0.09033203125,-0.16314697265625,-0.0316162109375,0.98193359375
1589985570.2524137,-0.27827114546598564,0.18403627113667387,0.4385525154457194,0.10382219539981324,-0.16357057684452916,-0.03344096744085638,0.980402101684683
1589985570.2624137,-0.2891323487018092,0.18335286667084377,0.43381229773462787,0.12208553332932369,-0.16406221273711172,-0.03594755255958784,0.978182014296565
1589985570.2724137,-0.30019308744891654,0.18265690710807442,0.42898499558693737,0.1335931060337784,-0.16434634912132037,-0.037558572127087284,0.9765553616061069
1589985570.2824137,-0.31145336170730753,0.18194839244836575,0.4240706090026479,0.14625236251042095,-0.16471475867679541,-0.039252177323445235,0.9746212009811821
1589985570.2924137,-0.3229131714769823,0.18122732269171785,0.4190691379817594,0.15909147012467134,-0.16502777873067284,-0.04086124214938999,0.9724854538756265
1589985570.3024137,-0.33457251675794086,0.18049369783813063,0.41398058252427195,0.16660811249512025,-0.16523277806804873,-0.04181790572381076,0.9711529581826832
1589985570.3124137,-0.34643139755018315,0.17974751788760412,0.4088049426301854,0.18439969810329324,-0.16546630859375,-0.04424578900280101,0.9678188285633305
1589985570.3224137,-0.3584898138537092,0.17898878284013836,0.4035422182994999,0.19962852658479363,-0.16557279135844585,-0.04635986281368201,0.9646455274737339
1589985570.3324137,-0.37074776566851897,0.1782174926957333,0.3981924095322154,0.21281490229069894,-0.16587691015555803,-0.04787007030650292,0.9617253828249555
1589985570.3424137,-0.3832052529946125,0.17743364745438897,0.39275551632833194,0.22520014385428863,-0.166015625,-0.04931912210004391,0.9587946466688623
1589985570.3524137,-0.39586227583198985,0.17663724711610534,0.38723153868784943,0.24176576786258464,-0.166015625,-0.05164809890729027,0.9546161915036958
1589985570.3624136,-0.4087188341806509,0.17582829168088246,0.3816204766107679,0.2515938893111894,-0.166015625,-0.05301657151405802,0.9520036528907756
1589985570.3724136,-0.42177492804059574,0.17500678114872026,0.3759223300970874,0.271210616626869,-0.16597740635318808,-0.055684318609896755,0.9464162536115827
1589985570.3824136,-0.4350305574118242,0.1741727155196188,0.3701370991468079,0.2869753775762403,-0.165844724200306,-0.057824743645257165,0.9416747172863216
1589985570.3924136,-0.4484857222943365,0.17332609479357808,0.36426478375992943,0.295654296875,-0.165771484375,-0.0589599609375,0.93896484375
1589985570.4024136,-0.4621404226881326,0.17246691897059804,0.35830538393645195,0.3072411228529759,-0.16559928101651628,-0.06041138924471991,0.9350533674644412
1589985570.4124136,-0.4759946585932123,0.17159518805067875,0.35225889967637547,0.3303519550195465,-0.16521655374153335,-0.06330160548660664,0.9270896167310667
1589985570.4224136,-0.4900484300095759,0.17071090203382014,0.3461253309797,0.34336973379446173,-0.16491630335553117,-0.06496531026725566,0.9222717981727904
1589985570.4324136,-0.5043017369372231,0.16981406092002227,0.3399046778464255,0.3571229840376996,-0.16457768092844957,-0.0667751342087425,0.9169690663352822
1589985570.4424136,-0.5187545793761542,0.1689046647092851,0.33359694027655196,0.3721118838150433,-0.16424739433536015,-0.06866674015948317,0.9109097377626988
1589985570.4524136,-0.5334069573263689,0.1679827134016087,0.3272021182700795,0.3838660654468041,-0.16396884718525762,-0.07013919490629779,0.905987866891579
1589985570.4624135,-0.5482588707878675,0.16704820699699297,0.320720211827008,0.3948993591774956,-0.16366727987469779,-0.07153683929297622,0.901203381411781
1589985570.4724135,-0.5633103197606498,0.16610114549543797,0.3141512209473375,0.40585127487109746,-0.16336164501813216,-0.07286125700476062,0.89626228456397
1589985570.4824135,-0.5785613042447159,0.1651415288969437,0.307495145631068,0.42142756531715087,-0.1628467023543655,-0.07483844070021119,0.8889766738108476
1589985570.4924135,-0.5940118242400656,0.16416935720151016,0.30075198587819957,0.43178139669255994,-0.16248967368624792,-0.07606253899089994,0.8839272683617565
1589985570.5024135,-0.609661879746699,0.1631846304091373,0.29392174168873203,0.4468325322543899,-0.16193922879929626,-0.07785562045141796,0.8763352976998849
1589985570.5124135,-0.6255114707646163,0.1621873485198252,0.28700441306266555,0.45482225138587773,-0.16160632383548426,-0.07889594846333044,0.8722155987727115
1589985570.5224135,-0.6415605972938174,0.1611775115335738,0.2800000000000001,0.4686740496538146,-0.16100733607441378,-0.0805075342743416,0.8648031252294645
1589985570.5324135,-0.6578092593343022,0.1601551194503831,0.27290850250073556,0.47914626728867654,-0.16053509171082275,-0.08184977430845294,0.8590256572565504
1589985570.5424135,-0.6742574568860707,0.15912017227025313,0.2657299205648721,0.48883056640625,-0.1600341796875,-0.0831298828125,0.853515625
1589985570.5524135,-0.690905189949123,0.15807266999318387,0.2584642541924096,0.4948390563657009,-0.15974461390632164,-0.08387189512676954,0.849968444180565
1589985570.5624135,-0.707752458523459,0.15701261261917535,0.25111150338334814,0.511043891664045,-0.15895827179219835,-0.08588068770700413,0.8403481714569674
1589985570.5724134,-0.7247992626090788,0.15594000014822754,0.2436716681376876,0.5183081993689904,-0.15858811598557693,-0.0868060772235577,0.8358600323016827
1589985570.5824134,-0.7420456022059825,0.15485483258034044,0.2361447484554281,0.5292731992898566,-0.15794724172560273,-0.08817644537520634,0.8289269072281006
1589985570.5924134,-0.7594914773141697,0.15375710991551406,0.22853074433656967,0.5397289657968549,-0.15733960033086355,-0.0894529067034648,0.8221539515224814
1589985570.6024134,-0.7771368879336407,0.1526468321537484,0.2208296557811122,0.547359163195131,-0.15686341386731847,-0.09034290778431756,0.8170633809447081
1589985570.6124134,-0.7949818340643954,0.15152399929504348,0.21304148278905566,0.5530373847095758,-0.15655529332002302,-0.09100316609995067,0.8132338827140361
1589985570.6224134,-0.813026315706434,0.15038861133939926,0.2051662253604002,0.562463672696072,-0.1560054090683296,-0.09212045434018655,0.8067227360479342
1589985570.6324134,-0.8312703328597563,0.14924066828681576,0.19720388349514573,0.568919386989868,-0.15561287933718612,-0.09294904601312777,0.8021861381992015
1589985570.6424134,-0.8497138855243622,0.14808017013729297,0.18915445719329216,0.5758693564682488,-0.15520594569365215,-0.09376291330019572,0.7971851522967587
1589985570.6524134,-0.8683569737002521,0.1469071168908309,0.1810179464548397,0.580696577418674,-0.15489081628624193,-0.09435998121536981,0.7936423588015311
1589985570.6624134,-0.8871995973874256,0.14572150854742957,0.17279435127978826,0.5843346795282586,-0.15460467342369033,-0.09480963428509376,0.7909444403831875
1589985570.6724133,-0.9062417565858829,0.14452334510708892,0.1644836716681377,0.5907613292695438,-0.15412447015421557,-0.09553448617492663,0.7862207290178095
1589985570.6824133,-0.9254834512956239,0.14331262656980903,0.15608590761988828,0.5942324156897475,-0.15383917537995226,-0.0959624283363216,0.7836055269203958
1589985570.6924133,-0.9449246815166488,0.14208935293558983,0.14760105913503974,0.5994924824238632,-0.15355384912092807,-0.09672955117227265,0.7795389942367238
1589985570.7024133,-0.9645654472489572,0.14085352420443137,0.1390291262135922,0.6029236260836349,-0.1532965878128817,-0.0973849378109732,0.7768573939140748
1589985570.7124133,-0.9844057484925494,0.13960514037633362,0.13037010885554579,0.6060966881646875,-0.15317359423061142,-0.09790156009694294,0.7743729974128669
1589985570.7224133,-1.0044455852474257,0.13834420145129656,0.12162400706090026,0.608800401744276,-0.153076171875,-0.09849890982750618,0.772147163617729
1589985570.7324133,-1.0246849575135852,0.13707070742932026,0.11279082082965591,0.6109411001847707,-0.153076171875,-0.09900907875713016,0.7704132596116494
1589985570.7424133,-1.0451238652910289,0.13578465831040465,0.10387055016181235,0.6135523144366907,-0.153105473159222,-0.0996801956227489,0.7682201553192534
1589985570.7524133,-1.065762308579756,0.13448605409454978,0.09486319505736979,0.6151549789982926,-0.15320434384021456,-0.10015257112443089,0.7668274354250655
1589985570.7624133,-1.0866002873797669,0.13317489478175562,0.0857687555163284,0.6165614279571294,-0.15325643454239368,-0.10062138744404314,0.7656293492749453
1589985570.7724133,-1.107637801691062,0.13185118037202218,0.07658723153868785,0.6181227400412912,-0.15346740334368372,-0.10126301047898996,0.7642708540420201
1589985570.7824132,-1.1288748515136402,0.13051491086534944,0.06731862312444842,0.61900166478119,-0.15362250770954824,-0.10167662212129532,0.7634436307574094
1589985570.7924132,-1.1503114368475027,0.12916608626173745,0.05796293027360988,0.6196116182973358,-0.15362548828125,-0.10195829197857804,0.7629259113205236
1589985570.8024132,-1.1719475576926486,0.12780470656118614,0.048520152986172516,0.6203780798579249,-0.15381529444317,-0.10237270876417498,0.76224796432674
1589985570.8124132,-1.1937832140490785,0.1264307717636956,0.038990291262135934,0.620611818358947,-0.1539087898435788,-0.102606447265197,0.7619674781255136
1589985570.8224132,-1.2158184059167918,0.12504428186926575,0.02937334510150047,0.62078857421875,-0.15407414538921538,-0.10292668445171539,0.7617726481515116
1589985570.8324132,-1.2380531332957891,0.12364523687789661,0.01966931450426601,0.62078857421875,-0.1541851792874889,-0.10303771834998889,0.761735636852087
1589985570.8424132,-1.26048739618607,0.12223363678958821,0.009878199470432558,0.620616627281407,-0.15440778678109301,-0.10331764148937402,0.761776065645781
1589985570.8524132,-1.283121194587635,0.12080948160434049,0.0,0.6203031841077302,-0.1546708491810581,-0.10348366185238486,0.7619813082510964
1589985570.8624132,-1.283121194587635,0.12080948160434049,0.0,0.6196740540565695,-0.15499903072112217,-0.10379822687796524,0.7623752550660583
1589985570.8724132,-1.283121194587635,0.12080948160434049,0.0,0.6192445026431438,-0.1551708512864925,-0.10401300258467813,0.7626329859141138
1589985570.8824131,-1.283121194587635,0.12080948160434049,0.0,0.6202807124954995,-0.15578689543802934,-0.10509420543226453,0.7614707962473534
1589985570.8924131,-1.283121194587635,0.12080948160434049,0.0,0.6633242920319137,-0.1599841105061541,-0.12276575419780925,0.7193498163845399
1589985570.9024131,-1.283121194587635,0.12080948160434049,0.0,0.7198533035120289,-0.15986968824403425,-0.14250827960507093,0.6591338204112052
1589985570.9124131,-1.283121194587635,0.12080948160434049,0.0,0.7735527191436713,-0.1631913441530444,-0.15743739630980053,0.5909597494563588
1589985570.922413,-1.283121194587635,0.12080948160434049,0.0,0.8070692766486393,-0.17400066751079465,-0.16496859308896328,0.5394687373074134
1589985570.932413,-1.283121194587635,0.12080948160434049,0.0,0.8158229319432027,-0.18579130525449233,-0.168273544577727,0.5211128580927932
1589985570.942413,-1.283121194587635,0.12080948160434049,0.0,0.8271363228183722,-0.19376670262079093,-0.17635611398588755,0.49712894209754155
1589985570.952413,-1.283121194587635,0.12080948160434049,0.0,0.8342008170477772,-0.19735498480412095,-0.17780180213560912,0.4832697261262701
1589985570.962413,-1.283121194587635,0.12080948160434049,0.0,0.8428491039498531,-0.19310328476434158,-0.17529345501802174,0.4706791471369545
1589985570.972413,-1.283121194587635,0.12080948160434049,0.0,0.8495440276380081,-0.18506836791746342,-0.17112993080922478,0.4633810145498416
1589985570.982413,-1.283121194587635,0.12080948160434049,0.0,0.8556892299879086,-0.17335082106383945,-0.16482849450127587,0.45890230775245644
1589985570.992413,-1.283121194587635,0.12080948160434049,0.0,0.8618642836452934,-0.15616250613965207,-0.15564380481177667,0.4566362035341356
1589985571.002413,-1.283121194587635,0.12080948160434049,0.0,0.8681077085465662,-0.13234429908668197,-0.14310150386097453,0.4564708185895983
1589985571.012413,-1.283121194587635,0.12080948160434049,0.0,0.8725756881624126,-0.10947651133097933,-0.13013864400615838,0.4578979606404064
1589985571.022413,-1.283121194587635,0.12080948160434049,0.0,0.872955893348445,-0.10521821324741579,-0.1278193923713604,0.45884847360548753
1589985571.032413,-1.283121194587635,0.12080948160434049,0.0,0.8720857426690359,-0.10201243751880283,-0.12586992235653593,0.4617538705934112
1589985571.042413,-1.283121194587635,0.12080948160434049,0.0,0.8700906068873504,-0.1055249346877671,-0.12717429592926638,0.46433732797519234
1589985571.052413,-1.283121194587635,0.12080948160434049,0.0,0.8652182399307603,-0.11684844212330514,-0.1328002841118436,0.46917014728326795
1589985571.062413,-1.283121194587635,0.12080948160434049,0.0,0.8620606155160246,-0.12251359180856612,-0.13567929460763195,0.4726992569232666
1589985571.072413,-1.283121194587635,0.12080948160434049,0.0,0.8572479008457173,-0.1263024736809047,-0.13755003401712523,0.4798090109282014
1589985571.082413,-1.283121194587635,0.12080948160434049,0.0,0.8542922800026371,-0.12426040837114016,-0.13572292295049382,0.48609642253984475
1589985571.092413,-1.283121194587635,0.12080948160434049,0.0,0.8485698600089987,-0.12157212502045157,-0.13175381166148561,0.4977359472144961
1589985571.102413,-1.283121194587635,0.12080948160434049,0.0,0.8427238145649559,-0.12314057623714597,-0.13099335046551255,0.5074318274631524
1589985571.112413,-1.283121194587635,0.12080948160434049,0.0,0.8327705592041295,-0.12617746994207513,-0.12897809345198122,0.5233595111260345
1589985571.122413,-1.283121194587635,0.12080948160434049,0.0,0.8250599159327,-0.12745951992705065,-0.12865543591503398,0.5352658854137277
1589985571.132413,-1.283121194587635,0.12080948160434049,0.0,0.8160456365579257,-0.12965530592859822,-0.12784646212499012,0.5485561691073051
1589985571.142413,-1.283121194587635,0.12080948160434049,0.0,0.8060448918929205,-0.1314526271338357,-0.1265241182626936,0.5630211198092779
1589985571.152413,-1.283121194587635,0.12080948160434049,0.0,0.7963215397211602,-0.13338705924326796,-0.12561625059593465,0.5764416023518595
1589985571.162413,-1.283121194587635,0.12080948160434049,0.0,0.7825748989681901,-0.13572229937025412,-0.1240759690975467,0.5947940875545173
1589985571.1724129,-1.283121194587635,0.12080948160434049,0.0,0.7750588264109132,-0.13688457863168868,-0.12314614568839904,0.6044022627823765
1589985571.1824129,-1.283121194587635,0.12080948160434049,0.0,0.7608808551111504,-0.13926914649924563,-0.12174999961237731,0.6219433902967189
1589985571.1924129,-1.283121194587635,0.12080948160434049,0.0,0.7418294170580536,-0.14211044945935672,-0.11978117646457306,0.6442487326041346
1589985571.2024128,-1.283121194587635,0.12080948160434049,0.0,0.7288964535337594,-0.14378136741853204,-0.11788790542538287,0.6588511792325341
1589985571.2124128,-1.283121194587635,0.12080948160434049,0.0,0.7237078435221076,-0.1451232493180972,-0.12066112801781752,0.663771412864273
1589985571.2224128,-1.283121194587635,0.12080948160434049,0.0,0.7226437877848204,-0.14624390814364074,-0.12201358907221459,0.6644469257904014
1589985571.2324128,-1.283121194587635,0.12080948160434049,0.0,0.7234639548006492,-0.14424475104255835,-0.11796401443156049,0.6647544884213372
1589985571.2424128,-1.283121194587635,0.12080948160434049,0.0,0.7240875361066211,-0.1438467676155412,-0.11350527942409004,0.6649732333946958
1589985571.2524128,-1.283121194587635,0.12080948160434049,0.0,0.7237890189833469,-0.1442732206487902,-0.11495521973713664,0.664930588091371
1589985571.2624128,-1.283121194587635,0.12080948160434049,0.0,0.7228554569302632,-0.14473045693026323,-0.11815869534616226,0.665261734509649
1589985571.2724128,-1.283121194587635,0.12080948160434049,0.0,0.7230744816353994,-0.1448766526583402,-0.11807441595990528,0.6649922438718905
1589985571.2824128,-1.283121194587635,0.12080948160434049,0.0,0.7241429949223723,-0.14444924734355108,-0.11748673365207024,0.664030581913615
1589985571.2924128,-1.283121194587635,0.12080948160434049,0.0,0.7238825545083858,-0.1444091796875,-0.11717406237206131,0.6643525548922019
1589985571.3024127,-1.283121194587635,0.12080948160434049,0.0,0.7235107421875,-0.14447021484375,-0.11737060546875,0.66473388671875
1589985571.3124127,-1.283121194587635,0.12080948160434049,0.0,0.7235107421875,-0.14447021484375,-0.11737060546875,0.66473388671875
1589985571.3224127,-1.283121194587635,0.12080948160434049,0.0,0.7235107421875,-0.14447021484375,-0.11737060546875,0.66473388671875
1589985571.3324127,-1.283121194587635,0.12080948160434049,0.0,0.7235107421875,-0.14447021484375,-0.11737060546875,0.66473388671875
1589985571.3424127,-1.283121194587635,0.12080948160434049,0.0,0.7235107421875,-0.14453125,-0.11737060546875,0.66473388671875
1589985571.3524127,-1.283121194587635,0.12080948160434049,0.0,0.7235107421875,-0.14453125,-0.11737060546875,0.66473388671875
1589985571.3624127,-1.283121194587635,0.12080948160434049,0.0,0.7234067256138271,-0.14515534944203728,-0.11830675463180591,0.6645258535714043
1589985571.3724127,-1.283121194587635,0.12080948160434049,0.0,0.7232798599155348,-0.14586213765205883,-0.11939413993670454,0.6643265281545522
1589985571.3824127,-1.283121194587635,0.12080948160434049,0.0,0.723229328418854,-0.14627051688656412,-0.12014047937948225,0.6641575480504159
1589985571.3924127,-1.283121194587635,0.12080948160434049,0.0,0.7231267426059013,-0.14687849400174394,-0.12117502399654027,0.6639442642994768
1589985571.4024127,-1.283121194587635,0.12080948160434049,0.0,0.7230054272202677,-0.14748507092991114,-0.12218458151834896,0.6637622912210267
1589985571.4124126,-1.283121194587635,0.12080948160434049,0.0,0.7228543431725468,-0.14824049116851573,-0.12330817201092203,0.6635356651494453
1589985571.4224126,-1.283121194587635,0.12080948160434049,0.0,0.7227845076520127,-0.14886390785487227,-0.12429065100529563,0.6633486401435383
1589985571.4324126,-1.283121194587635,0.12080948160434049,0.0,0.7226915276876325,-0.14927295174947036,-0.12495380049913933,0.6631998891876986
1589985571.4424126,-1.283121194587635,0.12080948160434049,0.0,0.7226227733165747,-0.1496818759674027,-0.12558482566985407,0.6630800192893993
1589985571.4524126,-1.283121194587635,0.12080948160434049,0.0,0.7225012220195511,-0.15018432222259667,-0.12647948428894334,0.6628839131074516
1589985571.4624126,-1.283121194587635,0.12080948160434049,0.0,0.722415867246403,-0.15072677296627565,-0.1273352766369135,0.6627272423053061
1589985571.4724126,-1.283121194587635,0.12080948160434049,0.0,0.7222962390318503,-0.15122031731009897,-0.12813352832422334,0.6625459210477754
1589985571.4824126,-1.283121194587635,0.12080948160434049,0.0,0.7222452049711311,-0.1515589558270823,-0.12866700313005788,0.6624469529110122
1589985571.4924126,-1.283121194587635,0.12080948160434049,0.0,0.7221725654371602,-0.15201099409578886,-0.1293531610655583,0.6623016738430704
1589985571.5024126,-1.283121194587635,0.12080948160434049,0.0,0.722113588188742,-0.15236485758629748,-0.1299383368625791,0.6621837193462342
1589985571.5124125,-1.283121194587635,0.12080948160434049,0.0,0.7220512361413144,-0.15273896987086374,-0.1305061598844206,0.6620590152513788
1589985571.5224125,-1.283121194587635,0.12080948160434049,0.0,0.7219537093198859,-0.15304756344659246,-0.13101514480682075,0.6619561507261359
1589985571.5324125,-1.283121194587635,0.12080948160434049,0.0,0.7218848622076399,-0.15333203661805045,-0.1314762781201307,0.6618483376965298
1589985571.5424125,-1.283121194587635,0.12080948160434049,0.0,0.7218123567198808,-0.15369456405684617,-0.13210675827107313,0.6617033267210115
1589985571.5524125,-1.283121194587635,0.12080948160434049,0.0,0.7218017578125,-0.15393423974013462,-0.13246350204243848,0.6616447926769731
1589985571.5624125,-1.283121194587635,0.12080948160434049,0.0,0.721757471596149,-0.15427416545675504,-0.13302797047840906,0.661532521317298
1589985571.5724125,-1.283121194587635,0.12080948160434049,0.0,0.72166873178389,-0.15453788733714985,-0.13346667442693977,0.66142703256514
1589985571.5824125,-1.283121194587635,0.12080948160434049,0.0,0.7215867443630029,-0.154822625841236,-0.1338903480527304,0.6613450451442529
1589985571.5924125,-1.283121194587635,0.12080948160434049,0.0,0.7215576171875,-0.15510788041652585,-0.13433857100235772,0.6612461086198621
1589985571.6024125,-1.283121194587635,0.12080948160434049,0.0,0.721512924702452,-0.15539117228394206,-0.1347896392852881,0.661149155171202
1589985571.6124125,-1.283121194587635,0.12080948160434049,0.0,0.7214479270289822,-0.15565116297782106,-0.13517962532610658,0.6610841574977322
1589985571.6224124,-1.283121194587635,0.12080948160434049,0.0,0.7213847233288945,-0.15590397777817194,-0.13560967107273839,0.6609701302515391
1589985571.6324124,-1.283121194587635,0.12080948160434049,0.0,0.72137451171875,-0.15610687182278715,-0.13592422374980576,0.6609091951302407
1589985571.6424124,-1.283121194587635,0.12080948160434049,0.0,0.7213294595117469,-0.15632412146475938,-0.13627262431626563,0.6608436196679969
1589985571.6524124,-1.283121194587635,0.12080948160434049,0.0,0.7212721353176339,-0.15653743529196457,-0.13660058653169685,0.6607449542290177
1589985571.6624124,-1.283121194587635,0.12080948160434049,0.0,0.7212076394986229,-0.15675061666038148,-0.1369427595381358,0.6606607644986229
1589985571.6724124,-1.283121194587635,0.12080948160434049,0.0,0.72119140625,-0.15695956942916128,-0.13726430531561692,0.6606044679942722
1589985571.6824124,-1.283121194587635,0.12080948160434049,0.0,0.7211662149721472,-0.15711903086480844,-0.13754128438586685,0.6605583048158972
1589985571.6924124,-1.283121194587635,0.12080948160434049,0.0,0.721115075707205,-0.1572724486596349,-0.13783282458897486,0.660507165550955
1589985571.7024124,-1.283121194587635,0.12080948160434049,0.0,0.7210693359375,-0.1574954389251712,-0.13820447503153535,0.6604328354624429
1589985571.7124124,-1.283121194587635,0.12080948160434049,0.0,0.7210294398938506,-0.15771246156844826,-0.13856617943699712,0.6603604945813506
1589985571.7224123,-1.283121194587635,0.12080948160434049,0.0,0.72100830078125,-0.15787857900161106,-0.13880880846048144,0.6603051221036297
1589985571.7324123,-1.283121194587635,0.12080948160434049,0.0,0.7209820841277633,-0.1580376343354599,-0.13904709889243316,0.6602521036590133
1589985571.7424123,-1.283121194587635,0.12080948160434049,0.0,0.7209194539930366,-0.15819771310767683,-0.13933243793410366,0.6601894735242866
1589985571.7524123,-1.283121194587635,0.12080948160434049,0.0,0.72088623046875,-0.15838800230859826,-0.13963045490104767,0.6601149692825505
1589985571.7624123,-1.283121194587635,0.12080948160434049,0.0,0.720847625972322,-0.15852447461785604,-0.13986389064196209,0.660056610347322
1589985571.7724123,-1.283121194587635,0.12080948160434049,0.0,0.7208251953125,-0.158703909679696,-0.14013304493751133,0.6599893217734347
1589985571.7824123,-1.283121194587635,0.12080948160434049,0.0,0.7207924713943258,-0.15881788924259835,-0.14032864957894672,0.6599404206130758
1589985571.7924123,-1.283121194587635,0.12080948160434049,0.0,0.72076416015625,-0.15895824286499488,-0.14055353605957652,0.6598841989929184
1589985571.8024123,-1.283121194587635,0.12080948160434049,0.0,0.7207301578806972,-0.15912562173860562,-0.14078804198290842,0.65985107421875
1589985571.8124123,-1.283121194587635,0.12080948160434049,0.0,0.720703125,-0.15925736826348902,-0.14102450215197807,0.6598122338370055
1589985571.8224123,-1.283121194587635,0.12080948160434049,0.0,0.7206582493961003,-0.15943638462419885,-0.14129278366559847,0.6597451634586003
1589985571.8324122,-1.283121194587635,0.12080948160434049,0.0,0.72064208984375,-0.15955800279366655,-0.14146713114362486,0.6596924341500418
1589985571.8424122,-1.283121194587635,0.12080948160434049,0.0,0.7206002593573168,-0.15969059456661647,-0.14170784928948296,0.6596261382635668
1589985571.8524122,-1.283121194587635,0.12080948160434049,0.0,0.7205810546875,-0.1597948907164638,-0.1418834981840707,0.65960693359375
1589985571.8624122,-1.283121194587635,0.12080948160434049,0.0,0.7205810546875,-0.15992208061070975,-0.14207428302543965,0.6595714303977701
1589985571.8724122,-1.283121194587635,0.12080948160434049,0.0,0.7205514671715789,-0.1600323195630922,-0.14223964145401327,0.6595163109215789
1589985571.8824122,-1.283121194587635,0.12080948160434049,0.0,0.72052001953125,-0.16013153563728263,-0.14238846556529894,0.65948486328125
1589985571.8924122,-1.283121194587635,0.12080948160434049,0.0,0.720492796166524,-0.16024450852097608,-0.1425987599379282,0.659457639916524
1589985571.9024122,-1.283121194587635,0.12080948160434049,0.0,0.720458984375,-0.16034627587258438,-0.14280212865262656,0.6593898503449578
1589985571.9124122,-1.283121194587635,0.12080948160434049,0.0,0.720458984375,-0.16048635443779566,-0.14301224650044347,0.65936279296875
1589985571.9224122,-1.283121194587635,0.12080948160434049,0.0,0.7204151002269616,-0.1606102292335767,-0.14319805869411506,0.6593189088207116
1589985571.9324121,-1.283121194587635,0.12080948160434049,0.0,0.72039794921875,-0.16067259415136492,-0.14333370042284477,0.6592736949111351
1589985571.9424121,-1.283121194587635,0.12080948160434049,0.0,0.72039794921875,-0.16073234047124757,-0.14345939125249757,0.65924072265625
1589985571.9524121,-1.283121194587635,0.12080948160434049,0.0,0.7203685105010781,-0.1608865141540938,-0.14364300365301572,0.6592112839385781
1589985571.962412,-1.283121194587635,0.12080948160434049,0.0,0.7203369140625,-0.16098519197121192,-0.14384424778863575,0.6591796875
1589985571.972412,-1.283121194587635,0.12080948160434049,0.0,0.7203369140625,-0.16109280741777443,-0.14400296366777443,0.6591386548848628
1589985571.982412,-1.283121194587635,0.12080948160434049,0.0,0.7203039810092996,-0.16116574555320037,-0.1441417679096011,0.65911865234375
1589985571.992412,-1.283121194587635,0.12080948160434049,0.0,0.72027587890625,-0.16123753187225845,-0.14426975843475845,0.6590968102357457
1589985572.002412,-1.283121194587635,0.12080948160434049,0.0,0.72027587890625,-0.16133959679415488,-0.1443955021820598,0.6590339383620951
1589985572.012412,-1.283121194587635,0.12080948160434049,0.0,0.7202443892187121,-0.16143993250007574,-0.14456468390636362,0.65899658203125
1589985572.022412,-1.283121194587635,0.12080948160434049,0.0,0.72021484375,-0.16153509833111418,-0.14476154499334254,0.6589605071376359
1589985572.032412,-1.283121194587635,0.12080948160434049,0.0,0.72021484375,-0.1615924683133476,-0.14490124522044515,0.658935546875
1589985572.042412,-1.283121194587635,0.12080948160434049,0.0,0.7201949316069283,-0.1616609180361434,-0.1449983203798934,0.6589156347319283
1589985572.052412,-1.283121194587635,0.12080948160434049,0.0,0.72015380859375,-0.16176626425270868,-0.14512676678666733,0.65887451171875
1589985572.062412,-1.283121194587635,0.12080948160434049,0.0,0.72015380859375,-0.16183205812528598,-0.14525835453182193,0.658846652812214
1589985572.072412,-1.283121194587635,0.12080948160434049,0.0,0.72015380859375,-0.16191271605487692,-0.14537218871112692,0.6588134765625
1589985572.082412,-1.283121194587635,0.12080948160434049,0.0,0.7201254812109203,-0.16201563207032965,-0.14550343210940928,0.6588134765625
1589985572.092412,-1.283121194587635,0.12080948160434049,0.0,0.7200927734375,-0.16207558196875857,-0.1456233319062671,0.6587862344374914
1589985572.102412,-1.283121194587635,0.12080948160434049,0.0,0.7200927734375,-0.16215011690881057,-0.14573165987756057,0.65875244140625
1589985572.112412,-1.283121194587635,0.12080948160434049,0.0,0.7200927734375,-0.16221017392026849,-0.14583148065303697,0.6587126776422315
1589985572.122412,-1.283121194587635,0.12080948160434049,0.0,0.7200566913624848,-0.1622675273875151,-0.1459461875875302,0.65869140625
1589985572.132412,-1.283121194587635,0.12080948160434049,0.0,0.72003173828125,-0.16232107694875605,-0.1460532867100121,0.65869140625
1589985572.142412,-1.283121194587635,0.12080948160434049,0.0,0.72003173828125,-0.16238123201219903,-0.14614588044969903,0.658663689862801
1589985572.152412,-1.283121194587635,0.12080948160434049,0.0,0.72003173828125,-0.1624523796767536,-0.1462548570097572,0.65863037109375
1589985572.162412,-1.283121194587635,0.12080948160434049,0.0,0.719992322328953,-0.16251500188979695,-0.14638010143584387,0.658590955141453
1589985572.172412,-1.283121194587635,0.12080948160434049,0.0,0.719970703125,-0.1626091062602509,-0.1464958250102509,0.6585693359375
1589985572.182412,-1.283121194587635,0.12080948160434049,0.0,0.719970703125,-0.16268708007466295,-0.14657379882466295,0.6585693359375
1589985572.192412,-1.283121194587635,0.12080948160434049,0.0,0.719970703125,-0.16274696732638314,-0.14666092684026624,0.6585420951736168
1589985572.202412,-1.283121194587635,0.12080948160434049,0.0,0.719933493641812,-0.16278076171875,-0.14676572510818797,0.65850830078125
1589985572.2124119,-1.283121194587635,0.12080948160434049,0.0,0.71990966796875,-0.16280828822232762,-0.14684460378840525,0.65850830078125
1589985572.2224119,-1.283121194587635,0.12080948160434049,0.0,0.71990966796875,-0.1628627616153833,-0.1469325858341333,0.6584873360408667
1589985572.2324119,-1.283121194587635,0.12080948160434049,0.0,0.71990966796875,-0.1629238656316184,-0.14701472345073682,0.658447265625
1589985572.2424119,-1.283121194587635,0.12080948160434049,0.0,0.71990966796875,-0.16296031466071492,-0.14708762150892984,0.658447265625
1589985572.2524118,-1.283121194587635,0.12080948160434049,0.0,0.719887551759301,-0.163047018553199,-0.14719999413764803,0.658425149415551
1589985572.2624118,-1.283121194587635,0.12080948160434049,0.0,0.7198486328125,-0.16311926827548096,-0.14731116280673096,0.65838623046875
1589985572.2724118,-1.283121194587635,0.12080948160434049,0.0,0.7198486328125,-0.16318104250565352,-0.14740700688630703,0.65838623046875
1589985572.2824118,-1.283121194587635,0.12080948160434049,0.0,0.7198486328125,-0.16323430781488404,-0.14748723750238404,0.658359930466366
1589985572.2924118,-1.283121194587635,0.12080948160434049,0.0,0.7198486328125,-0.16328569127606932,-0.14753862096356932,0.6583251953125
1589985572.3024118,-1.283121194587635,0.12080948160434049,0.0,0.719829865729398,-0.163330078125,-0.14762054197870392,0.6583251953125
1589985572.3124118,-1.283121194587635,0.12080948160434049,0.0,0.71978759765625,-0.1633603841427914,-0.1477353841427914,0.6582948892947086
1589985572.3224118,-1.283121194587635,0.12080948160434049,0.0,0.71978759765625,-0.16342076117613757,-0.14782540907102518,0.65826416015625
1589985572.3324118,-1.283121194587635,0.12080948160434049,0.0,0.71978759765625,-0.16347968433729734,-0.14791571949354734,0.65826416015625
1589985572.3424118,-1.283121194587635,0.12080948160434049,0.0,0.71978759765625,-0.16353794698305843,-0.14797398213930843,0.6582393967669415
1589985572.3524117,-1.283121194587635,0.12080948160434049,0.0,0.7197554755620446,-0.1636063408442055,-0.1480423760004555,0.658203125
1589985572.3624117,-1.283121194587635,0.12080948160434049,0.0,0.7197265625,-0.16365996883385645,-0.1481207189177129,0.658203125
1589985572.3724117,-1.283121194587635,0.12080948160434049,0.0,0.7197265625,-0.1636962890625,-0.1482161082441326,0.658203125
1589985572.3824117,-1.283121194587635,0.12080948160434049,0.0,0.7197265625,-0.163716402999207,-0.148274508467957,0.658183011063293
1589985572.3924117,-1.283121194587635,0.12080948160434049,0.0,0.7197265625,-0.16375257341797317,-0.14831067888672317,0.6581468406445269
1589985572.4024117,-1.283121194587635,0.12080948160434049,0.0,0.7197265625,-0.163818359375,-0.1483882481963123,0.65814208984375
1589985572.4124117,-1.283121194587635,0.12080948160434049,0.0,0.7197265625,-0.163818359375,-0.14843543448202173,0.65814208984375
1589985572.4224117,-1.283121194587635,0.12080948160434049,0.0,0.71966552734375,-0.16389367797429102,-0.14857385375554102,0.658127806400709
1589985572.4324117,-1.283121194587635,0.12080948160434049,0.0,0.71966552734375,-0.16394941652256403,-0.14862959230381403,0.6580810546875
1589985572.4424117,-1.283121194587635,0.12080948160434049,0.0,0.71966552734375,-0.16400146484375,-0.1486961104039011,0.6580810546875
1589985572.4524117,-1.283121194587635,0.12080948160434049,0.0,0.71966552734375,-0.16401121982062425,-0.14875243075812425,0.6580810546875
1589985572.4624116,-1.283121194587635,0.12080948160434049,0.0,0.71966552734375,-0.16408541302367027,-0.14882662396117027,0.6580581416638297
1589985572.4724116,-1.283121194587635,0.12080948160434049,0.0,0.71966552734375,-0.16412353515625,-0.1488778686320082,0.65802001953125
1589985572.4824116,-1.283121194587635,0.12080948160434049,0.0,0.7196437997406323,-0.16414526275936767,-0.14896923645623536,0.65802001953125
1589985572.4924116,-1.283121194587635,0.12080948160434049,0.0,0.7196044921875,-0.16420174682965147,-0.14906502807965147,0.65802001953125
1589985572.5024116,-1.283121194587635,0.12080948160434049,0.0,0.7196044921875,-0.16424560546875,-0.14910888671875,0.6579963814032518
1589985572.5124116,-1.283121194587635,0.12080948160434049,0.0,0.7196044921875,-0.16425921569197408,-0.14913610716519815,0.657958984375
1589985572.5224116,-1.283121194587635,0.12080948160434049,0.0,0.7196044921875,-0.164306640625,-0.14924056992573484,0.657958984375
1589985572.5324116,-1.283121194587635,0.12080948160434049,0.0,0.7196044921875,-0.16432229631220874,-0.14930764787470874,0.657958984375
1589985572.5424116,-1.283121194587635,0.12080948160434049,0.0,0.7196044921875,-0.16436160469225042,-0.14934695625475042,0.657958984375
1589985572.5524116,-1.283121194587635,0.12080948160434049,0.0,0.7195884177674131,-0.1644287109375,-0.14943013692008683,0.65789794921875
1589985572.5624115,-1.283121194587635,0.12080948160434049,0.0,0.71954345703125,-0.1644460892512418,-0.1494924759699918,0.65789794921875
1589985572.5724115,-1.283121194587635,0.12080948160434049,0.0,0.71954345703125,-0.16448974609375,-0.1495428863444946,0.65789794921875
1589985572.5824115,-1.283121194587635,0.12080948160434049,0.0,0.71954345703125,-0.16448974609375,-0.1495960214771996,0.65789794921875
1589985572.5924115,-1.283121194587635,0.12080948160434049,0.0,0.71954345703125,-0.16455781590932866,-0.14966523778432866,0.6578369140625
1589985572.6024115,-1.283121194587635,0.12080948160434049,0.0,0.71954345703125,-0.16461181640625,-0.14972198588009175,0.6578369140625
1589985572.6124115,-1.283121194587635,0.12080948160434049,0.0,0.71954345703125,-0.1646286241424968,-0.1497970811737468,0.6578369140625
1589985572.6224115,-1.283121194587635,0.12080948160434049,0.0,0.71954345703125,-0.1646728515625,-0.14984130859375,0.6578369140625
1589985572.6324115,-1.283121194587635,0.12080948160434049,0.0,0.7195249768559757,-0.16469133173777423,-0.14985978876902423,0.6578184338872257
1589985572.6424115,-1.283121194587635,0.12080948160434049,0.0,0.719482421875,-0.16473388671875,-0.14991728523387818,0.65777587890625
1589985572.6524115,-1.283121194587635,0.12080948160434049,0.0,0.719482421875,-0.16475883956073167,-0.14998833174823167,0.65777587890625
1589985572.6624115,-1.283121194587635,0.12080948160434049,0.0,0.719482421875,-0.164794921875,-0.1500459942808847,0.65777587890625
1589985572.6724114,-1.283121194587635,0.12080948160434049,0.0,0.719482421875,-0.16481109409025352,-0.15010162143400352,0.65777587890625
1589985572.6824114,-1.283121194587635,0.12080948160434049,0.0,0.719482421875,-0.16485595703125,-0.15015144365230648,0.6577709196289435
1589985572.6924114,-1.283121194587635,0.12080948160434049,0.0,0.719482421875,-0.16485595703125,-0.1501939113877222,0.6577284518935278
1589985572.7024114,-1.283121194587635,0.12080948160434049,0.0,0.719482421875,-0.1649169921875,-0.15021708087866806,0.65771484375
1589985572.7124114,-1.283121194587635,0.12080948160434049,0.0,0.7194586575376504,-0.16494075652484957,-0.15029231902484957,0.65771484375
1589985572.7224114,-1.283121194587635,0.12080948160434049,0.0,0.71942138671875,-0.16497802734375,-0.15034996753183782,0.65771484375
1589985572.7324114,-1.283121194587635,0.12080948160434049,0.0,0.71942138671875,-0.1649875586874841,-0.150390625,0.65771484375
1589985572.7424114,-1.283121194587635,0.12080948160434049,0.0,0.71942138671875,-0.1650390625,-0.15039543147731643,0.6577100372726836
1589985572.7524114,-1.283121194587635,0.12080948160434049,0.0,0.71942138671875,-0.1650390625,-0.15044865166688431,0.6576568170831157
1589985572.7624114,-1.283121194587635,0.12080948160434049,0.0,0.71942138671875,-0.16510009765625,-0.15052507885930472,0.65765380859375
1589985572.7724113,-1.283121194587635,0.12080948160434049,0.0,0.71942138671875,-0.16510009765625,-0.15056620992547748,0.65765380859375
1589985572.7824113,-1.283121194587635,0.12080948160434049,0.0,0.71942138671875,-0.1651611328125,-0.150634765625,0.65765380859375
1589985572.7924113,-1.283121194587635,0.12080948160434049,0.0,0.71942138671875,-0.1651611328125,-0.150634765625,0.65765380859375
1589985572.8024113,-1.283121194587635,0.12080948160434049,0.0,0.71942138671875,-0.16522216796875,-0.15071070093976324,0.6575927734375
1589985572.8124113,-1.283121194587635,0.12080948160434049,0.0,0.7194206148931468,-0.16522293979435315,-0.15075760776310315,0.6575927734375
1589985572.8224113,-1.283121194587635,0.12080948160434049,0.0,0.719383575212056,-0.16525997947544402,-0.15079464744419402,0.6575927734375
1589985572.8324113,-1.283121194587635,0.12080948160434049,0.0,0.7193603515625,-0.165283203125,-0.15083533346815395,0.6575927734375
1589985572.8424113,-1.283121194587635,0.12080948160434049,0.0,0.7193603515625,-0.16528756621198523,-0.15087890625,0.6575927734375
1589985572.8524113,-1.283121194587635,0.12080948160434049,0.0,0.7193603515625,-0.16534423828125,-0.15088636295365096,0.6575927734375
1589985572.8624113,-1.283121194587635,0.12080948160434049,0.0,0.7193603515625,-0.16536153342439872,-0.15095723654939872,0.6575754782943513
1589985572.8724113,-1.283121194587635,0.12080948160434049,0.0,0.7193603515625,-0.1654052734375,-0.1510009765625,0.65753173828125
1589985572.8824112,-1.283121194587635,0.12080948160434049,0.0,0.7193603515625,-0.16541913803034047,-0.15101484115534047,0.65753173828125
1589985572.8924112,-1.283121194587635,0.12080948160434049,0.0,0.7193603515625,-0.16546630859375,-0.15106920069925292,0.65753173828125
1589985572.9024112,-1.283121194587635,0.12080948160434049,0.0,0.7193603515625,-0.16546630859375,-0.151123046875,0.65753173828125
1589985572.9124112,-1.283121194587635,0.12080948160434049,0.0,0.7193519877844435,-0.16547467237180644,-0.15113141065305644,0.65753173828125
1589985572.9224112,-1.283121194587635,0.12080948160434049,0.0,0.71929931640625,-0.16552734375,-0.15119626070589104,0.65753173828125
1589985572.9324112,-1.283121194587635,0.12080948160434049,0.0,0.71929931640625,-0.1655301577919408,-0.1512451171875,0.6575289242393092
1589985572.9424112,-1.283121194587635,0.12080948160434049,0.0,0.71929931640625,-0.16558837890625,-0.15124743793103623,0.657470703125
1589985572.9524112,-1.283121194587635,0.12080948160434049,0.0,0.71929931640625,-0.16558837890625,-0.15130615234375,0.657470703125
1589985572.9624112,-1.283121194587635,0.12080948160434049,0.0,0.71929931640625,-0.16558837890625,-0.15130615234375,0.657470703125
1589985572.9724112,-1.283121194587635,0.12080948160434049,0.0,0.71929931640625,-0.1656494140625,-0.15137807054967514,0.657470703125
1589985572.9824111,-1.283121194587635,0.12080948160434049,0.0,0.71929931640625,-0.1656494140625,-0.15142159755954684,0.657470703125
1589985572.9924111,-1.283121194587635,0.12080948160434049,0.0,0.71929931640625,-0.1656494140625,-0.15142822265625,0.657470703125
1589985573.0024111,-1.283121194587635,0.12080948160434049,0.0,0.71929931640625,-0.1657069275329551,-0.1514857361267051,0.657470703125
1589985573.012411,-1.283121194587635,0.12080948160434049,0.0,0.71929931640625,-0.16571044921875,-0.1515015595170624,0.65740966796875
1589985573.022411,-1.283121194587635,0.12080948160434049,0.0,0.71929931640625,-0.165723326525664,-0.15155029296875,0.65740966796875
1589985573.032411,-1.283121194587635,0.12080948160434049,0.0,0.7192885690760236,-0.165771484375,-0.1515610402989764,0.65740966796875
1589985573.042411,-1.283121194587635,0.12080948160434049,0.0,0.7192444403171704,-0.165771484375,-0.15160516905782964,0.65740966796875
1589985573.052411,-1.283121194587635,0.12080948160434049,0.0,0.71923828125,-0.1657847132327703,-0.1516245569827703,0.65740966796875
1589985573.062411,-1.283121194587635,0.12080948160434049,0.0,0.71923828125,-0.16583251953125,-0.15168270040966358,0.65740966796875
1589985573.072411,-1.283121194587635,0.12080948160434049,0.0,0.71923828125,-0.16584232318852848,-0.1517333984375,0.6573998643114715
1589985573.082411,-1.283121194587635,0.12080948160434049,0.0,0.71923828125,-0.1658935546875,-0.15173375807925857,0.6573486328125
1589985573.092411,-1.283121194587635,0.12080948160434049,0.0,0.71923828125,-0.1658935546875,-0.1517773547679267,0.6573486328125
1589985573.102411,-1.283121194587635,0.12080948160434049,0.0,0.71923828125,-0.1658935546875,-0.15179443359375,0.6573486328125
1589985573.112411,-1.283121194587635,0.12080948160434049,0.0,0.71923828125,-0.1658935546875,-0.1518473085802562,0.6573486328125
1589985573.122411,-1.283121194587635,0.12080948160434049,0.0,0.71923828125,-0.16595458984375,-0.1518639142205397,0.6573486328125
1589985573.132411,-1.283121194587635,0.12080948160434049,0.0,0.71923828125,-0.16595458984375,-0.15190690831822695,0.6573486328125
1589985573.142411,-1.283121194587635,0.12080948160434049,0.0,0.71923828125,-0.16595458984375,-0.15191650390625,0.6573486328125
1589985573.152411,-1.283121194587635,0.12080948160434049,0.0,0.71923828125,-0.16600295760205153,-0.15196487166455153,0.6573486328125
1589985573.162411,-1.283121194587635,0.12080948160434049,0.0,0.7192302094626476,-0.166015625,-0.15198561084985238,0.6573405610251476
1589985573.172411,-1.283121194587635,0.12080948160434049,0.0,0.7191834412658082,-0.166015625,-0.15203237904669173,0.6572937928283082
1589985573.182411,-1.283121194587635,0.12080948160434049,0.0,0.71917724609375,-0.16607666015625,-0.1520467674858877,0.65728759765625
1589985573.192411,-1.283121194587635,0.12080948160434049,0.0,0.71917724609375,-0.16607666015625,-0.15209714130640312,0.65728759765625
1589985573.202411,-1.283121194587635,0.12080948160434049,0.0,0.71917724609375,-0.16607666015625,-0.1521084254645348,0.65728759765625
1589985573.212411,-1.283121194587635,0.12080948160434049,0.0,0.71917724609375,-0.1660871378978404,-0.15216064453125,0.65728759765625
1589985573.222411,-1.283121194587635,0.12080948160434049,0.0,0.71917724609375,-0.1661376953125,-0.15217073942997691,0.65728759765625
1589985573.232411,-1.283121194587635,0.12080948160434049,0.0,0.71917724609375,-0.1661376953125,-0.1522216796875,0.65728759765625
1589985573.242411,-1.283121194587635,0.12080948160434049,0.0,0.71917724609375,-0.1661376953125,-0.1522216796875,0.65728759765625
1589985573.252411,-1.283121194587635,0.12080948160434049,0.0,0.71917724609375,-0.16617789856732648,-0.15226188294232648,0.65728759765625
1589985573.2624109,-1.283121194587635,0.12080948160434049,0.0,0.71917724609375,-0.16619873046875,-0.15228271484375,0.6572467262514176
1589985573.2724109,-1.283121194587635,0.12080948160434049,0.0,0.71917724609375,-0.16619873046875,-0.15228271484375,0.6572265625
1589985573.2824109,-1.283121194587635,0.12080948160434049,0.0,0.71917724609375,-0.16619873046875,-0.15232748000374582,0.6572265625
1589985573.2924109,-1.283121194587635,0.12080948160434049,0.0,0.71917724609375,-0.1662518238877539,-0.15234375,0.6572265625
1589985573.3024108,-1.283121194587635,0.12080948160434049,0.0,0.71917724609375,-0.166259765625,-0.15238706545679184,0.6572265625
1589985573.3124108,-1.283121194587635,0.12080948160434049,0.0,0.71917724609375,-0.166259765625,-0.15240478515625,0.6572265625
1589985573.3224108,-1.283121194587635,0.12080948160434049,0.0,0.7191288269101321,-0.16630818480861792,-0.15245320433986792,0.6572265625
1589985573.3324108,-1.283121194587635,0.12080948160434049,0.0,0.7191162109375,-0.16632080078125,-0.1524721718600779,0.6572265625
1589985573.3424108,-1.283121194587635,0.12080948160434049,0.0,0.7191162109375,-0.16632080078125,-0.15251432422717584,0.6572265625
1589985573.3524108,-1.283121194587635,0.12080948160434049,0.0,0.7191162109375,-0.16632602078571437,-0.15252685546875,0.6572213424955357
1589985573.3624108,-1.283121194587635,0.12080948160434049,0.0,0.7191162109375,-0.16637501220376072,-0.15252685546875,0.6571723510774893
1589985573.3724108,-1.283121194587635,0.12080948160434049,0.0,0.7191162109375,-0.1663818359375,-0.152587890625,0.65716552734375
1589985573.3824108,-1.283121194587635,0.12080948160434049,0.0,0.7191162109375,-0.1663818359375,-0.152587890625,0.65716552734375
1589985573.3924108,-1.283121194587635,0.12080948160434049,0.0,0.7191162109375,-0.1663818359375,-0.15263945702646997,0.65716552734375
