time,x,y,z,q,x,y,z
1592167804.1395242,-0.02692016174245105,-0.013870166646529302,0.017134771444239826,0.5021532031327866,0.39371896875186874,-0.4743401796767546,-0.6064889843759343
1592167804.1495242,-0.02692090947863188,-0.013874516707940623,0.017135082581892017,0.5020255871146581,0.3936977314749901,-0.4744648055750298,-0.6065110866161992
1592167804.1595242,-0.02692176480503159,-0.013879492193740435,0.01713605795826081,0.5018360816373316,0.39367627111301906,-0.4745780333476431,-0.6065924783454966
1592167804.1695242,-0.026922747383286125,-0.013889889778689093,0.017137777065764317,0.501563999462021,0.3936933207851686,-0.4746997612262178,-0.6067120820113865
1592167804.1795242,-0.026923440800420348,-0.01390630486358321,0.017139245553013396,0.5012094586815451,0.39373866468187585,-0.4748071283636965,-0.6068914298637792
1592167804.1895242,-0.026926214551753487,-0.013928592874838495,0.01714199405341521,0.5008055078005765,0.39377265322062344,-0.47495387029154557,-0.6070880872520281
1592167804.1995242,-0.02692979726785046,-0.01395135601597139,0.017142794672437334,0.5006976098503118,0.39350532152338685,-0.47544661262682353,-0.6069650625301434
1592167804.2095242,-0.026926909694579632,-0.01399738233245597,0.01714280856632315,0.5006623063849353,0.39327438418007366,-0.4759045598162481,-0.606784976683512
1592167804.2195241,-0.026903114337604474,-0.014098293696919395,0.017141718826229366,0.5006283389254329,0.3930460713915986,-0.47622389291260214,-0.6067104533293787
1592167804.2295241,-0.02684641801102704,-0.014269935887792766,0.01713871700888056,0.5006524347552935,0.39286455720691454,-0.4765063883701428,-0.6065857093398549
1592167804.2395241,-0.02676262514419489,-0.01448021563924187,0.0171327113760281,0.5006962276834102,0.39271409909649757,-0.47670843699726145,-0.6064877270380513
1592167804.249524,-0.026652267672840353,-0.014720867485733112,0.017123821151928047,0.5007697683274692,0.3925650277048922,-0.476805279215616,-0.6064484356401694
1592167804.259524,-0.026510313693497135,-0.014985474003862164,0.017112056471749924,0.500835231997652,0.3924221068090398,-0.4768766379935431,-0.606429884001174
1592167804.269524,-0.026347253131054457,-0.015269234095314067,0.01709735135066992,0.5008855528550406,0.3922592693147237,-0.4770039326217096,-0.6063943750248048
1592167804.279524,-0.026150724550878194,-0.015569391446657777,0.01707974649754199,0.500984411319082,0.3920621661583524,-0.4771173820744263,-0.6063507280665081
1592167804.289524,-0.02591133685748691,-0.015887041082770025,0.017053454068671193,0.501213959774308,0.39182650844771005,-0.4769923002821149,-0.6064110868862356
1592167804.299524,-0.025620551434157156,-0.01622077541082416,0.017015523613380733,0.5016024658088603,0.39154215194254227,-0.4765121590089641,-0.6066510679700133
1592167804.309524,-0.02527428479251257,-0.016571362844178095,0.016966219457222542,0.5021346214035103,0.3911810488511198,-0.47584789132675237,-0.6069652873111608
1592167804.319524,-0.024881181276917963,-0.01694575276496879,0.016907714739851473,0.5027625414336443,0.3907704504017859,-0.47502817828348237,-0.607352681452922
1592167804.329524,-0.02445286341052319,-0.01735201540838091,0.01684222699801,0.503453718870969,0.39031836710777046,-0.47413436898185324,-0.6077681895280433
1592167804.339524,-0.02400591011994166,-0.017797252922671945,0.016774491291804736,0.5041338966400507,0.38983557751996195,-0.4732533415323156,-0.6082010989905094
1592167804.349524,-0.02355191788766427,-0.018285931456496346,0.01670711712718585,0.5047318244528272,0.38934225827485874,-0.4724388660243586,-0.6086543230408111
1592167804.359524,-0.023105224917634205,-0.018815848272525703,0.01664812907710259,0.505232477356028,0.38888587299560073,-0.4716948481009741,-0.6091073449368911
1592167804.369524,-0.022674729914607245,-0.019386295597416482,0.016595943439863665,0.5056278251763913,0.3884741958024418,-0.47108385314432955,-0.6095152307710027
1592167804.379524,-0.022270711756956007,-0.019994372372702487,0.016553932987218755,0.5059030969883912,0.38816865586024696,-0.470586242336285,-0.6098653365433846
1592167804.389524,-0.021844869350827432,-0.020726974470304776,0.0165187286896304,0.5060327746976251,0.3879324410700101,-0.4702514410700101,-0.6101659627438858
1592167804.399524,-0.021424888012211356,-0.021547348057819108,0.01649014349856686,0.5061047795928691,0.38765017982262445,-0.4701703779592869,-0.6103482677557216
1592167804.409524,-0.021021631348899856,-0.022405264671120185,0.016457662782811286,0.5063166284763971,0.3873761057925038,-0.47017084858385577,-0.6103458771625944
1592167804.419524,-0.02062247850488946,-0.023302033039725608,0.016427690183260485,0.5065545385098805,0.3872621487576629,-0.4700813062108291,-0.6102902931675742
1592167804.429524,-0.020252550842803946,-0.024193349898864836,0.016408050328251923,0.5067462388274604,0.38729416847463866,-0.46995274530454234,-0.6102101139898142
1592167804.439524,-0.019888795089487245,-0.025135412894465463,0.016395607528290657,0.506943135817667,0.3873915869786341,-0.46988654232478566,-0.6100353832521336
1592167804.449524,-0.019522924516158544,-0.026114296079009888,0.01638459259276221,0.507151825432144,0.3875234436553765,-0.46983077121800393,-0.6098212162937028
1592167804.459524,-0.01918019832443785,-0.02703512234873242,0.016375478570657857,0.5073129553381742,0.38770657024467936,-0.46973724785607684,-0.609643039338074
1592167804.469524,-0.018834289361744274,-0.02798861932851474,0.016369777367360748,0.5074265778535537,0.3879028077778056,-0.46967079501262465,-0.6094743412499687
1592167804.479524,-0.018456207000366435,-0.02907067506151812,0.016367597998201852,0.5075273540218606,0.38806710270005046,-0.46970542888967953,-0.6092590331194718
1592167804.489524,-0.018080241175568536,-0.030205831638825294,0.016367768757485537,0.5075935986115425,0.3882589148627074,-0.4698125169453936,-0.6089991668034416
1592167804.4995239,-0.017712552993354856,-0.031377140097125084,0.016370112175765138,0.5076336666640807,0.3884904561238823,-0.4699727894598016,-0.608694649146217
1592167804.5095239,-0.01735508038418351,-0.032550039377069254,0.016372464896701595,0.507672847355376,0.3887313072222499,-0.47018240898533253,-0.6083461761523926
1592167804.5195239,-0.01700454600059522,-0.03371119924011629,0.016376411192532105,0.5076974023420638,0.3889715606471984,-0.4704102501079109,-0.6079953025885267
1592167804.5295238,-0.016649580821056602,-0.034895644376382186,0.016384260679432737,0.5076591781716004,0.38920419097342857,-0.470682557558092,-0.6076671696370485
1592167804.5395238,-0.016288981687731813,-0.036124103757550055,0.016396019606359568,0.5075410236361725,0.3894311072516112,-0.4710133947811713,-0.6073652425451106
1592167804.5495238,-0.015928793497879748,-0.0373890976216417,0.01641168523061754,0.5073399639064001,0.3896880097131653,-0.4713956966250015,-0.6070707695301921
1592167804.5595238,-0.015536876602866623,-0.038757489445025446,0.016431073772600818,0.5071542567816979,0.3898925174841219,-0.4718314237814649,-0.6067563516045623
1592167804.5695238,-0.015121739233643247,-0.04020866998223933,0.016453393880781778,0.5070241001555365,0.39002322521295507,-0.4722911875861279,-0.6064230854158784
1592167804.5795238,-0.014710202986477494,-0.04168038669224081,0.01647771629593222,0.506892520548464,0.39018848597455735,-0.47270761187076266,-0.6061033577962414
1592167804.5895238,-0.014333120692058242,-0.0430954104796133,0.01650429877114128,0.5066989534970979,0.3904195911320694,-0.4731756504616012,-0.6057509834259006
1592167804.5995238,-0.01396225346209231,-0.04453800353134439,0.01653630250994543,0.5063875452981212,0.39076116268769934,-0.47370639003863874,-0.6053752023300248
1592167804.6095238,-0.013589803458970212,-0.046014750995501036,0.016571506828748347,0.5059873042951872,0.3911202597113084,-0.4743269653840945,-0.6049912360900358
1592167804.6195238,-0.013211916233677406,-0.047516919641905145,0.016605361316356097,0.5055656655161027,0.3914188482595279,-0.47506464242807356,-0.6045726039272675
1592167804.6295238,-0.012819170781287722,-0.04904186252041079,0.016636429547420936,0.5051659185332266,0.39172908095116094,-0.4758491871673339,-0.6040888680032026
1592167804.6395237,-0.01240366073233575,-0.050584454997749904,0.01666063562524362,0.5049095763580861,0.39201950533606145,-0.4765530720264343,-0.6035591678873484
1592167804.6495237,-0.01194073058410879,-0.05223940814719415,0.016691364836874546,0.5048552061304187,0.39227524922879053,-0.47720002489255764,-0.6029268511617214
1592167804.6595237,-0.011447583579226952,-0.05391949743235049,0.016727669438595452,0.5049286650613392,0.39259380712151287,-0.4775473383599478,-0.6023834420231654
1592167804.6695237,-0.010933480901350155,-0.05556047044877846,0.01675427604102511,0.5051000204328936,0.3929566303863312,-0.47756455371232637,-0.6019896125835299
1592167804.6795237,-0.010386809924369998,-0.05724912246800581,0.01677764142913533,0.5053319658280983,0.3933578757301494,-0.47751140656762636,-0.6015744762451997
1592167804.6895237,-0.009826824654714284,-0.05897569523967894,0.016801760007297488,0.5055697251951935,0.39378029476151477,-0.47746035760841965,-0.6011389270941246
1592167804.6995237,-0.009260501431140072,-0.06070030131722056,0.01682593586673061,0.5057673583498274,0.39421702477141735,-0.4774085042511079,-0.6007275354258992
1592167804.7095237,-0.008676130715201636,-0.06242334625985614,0.01684861252482219,0.5059582709799249,0.3945834570883212,-0.4773459069458018,-0.6003752607042515
1592167804.7195237,-0.00806508826872368,-0.06415893145761016,0.01686735112347302,0.5061459335684619,0.3948750695899401,-0.47722869395167394,-0.6001187526714702
1592167804.7295237,-0.0074255627040504734,-0.0659037804664813,0.016878074600801887,0.5063926799453552,0.3950532476328334,-0.4770622749296593,-0.5999257313827849
1592167804.7395236,-0.006759109249213136,-0.0676534750501244,0.01688216870390226,0.5067038634049779,0.39515800351535735,-0.47683611808583537,-0.5997742502331
1592167804.7495236,-0.006066202849483138,-0.06943196179838959,0.016881701559306645,0.5070789974525887,0.3952130856051109,-0.4765580112099532,-0.5996423151591125
1592167804.7595236,-0.0053271152520940395,-0.07121690982510595,0.016888247878440458,0.5075370865542327,0.39522860370169444,-0.47627322609322337,-0.5994698855016968
1592167804.7695236,-0.004564773284280933,-0.0730375000089404,0.016897975550515105,0.5079827271952436,0.39531412160242524,-0.4759369496939252,-0.5993031277927479
1592167804.7795236,-0.0037866248077586106,-0.0748874870166365,0.016909421705374874,0.508417481759383,0.39541519617386417,-0.4755750569413527,-0.5991553701074859
1592167804.7895236,-0.0029961339945688194,-0.07674450165291948,0.016920318679645538,0.5088250418350769,0.39550311384742665,-0.47522993989688556,-0.5990247347092712
1592167804.7995236,-0.002192236523018892,-0.07860982368179775,0.016929247234224423,0.5092510161307345,0.39551953400964135,-0.47488241227420147,-0.5989284355564987
1592167804.8095236,-0.0013774670924091707,-0.08048204921624431,0.016935260948387206,0.5097034245133985,0.39549477640508235,-0.47453402267643685,-0.5988351725931563
1592167804.8195236,-0.0005527321238117138,-0.08236705227202124,0.01694033136464173,0.5102032378160368,0.39540033485459575,-0.47418192224925015,-0.598750347813054
1592167804.8295236,0.00028269698429123763,-0.08428046435502533,0.016943463179677355,0.5107492371320049,0.39519918408628363,-0.4738764331519179,-0.5986594675103246
1592167804.8395236,0.0011229517081350069,-0.08621658205494359,0.016947514019218003,0.5112785902980433,0.3949761488528616,-0.47356950362646344,-0.5985981401735856
1592167804.8495235,0.001971046167331376,-0.08818538089799326,0.016951119290204063,0.5117027972652637,0.3947432827498533,-0.47331703442470835,-0.5985887494417149
1592167804.8595235,0.0028588777528820684,-0.09025785479268354,0.016932712906061183,0.512058855258772,0.39447005698609927,-0.4731195226062181,-0.5986205612243563
1592167804.8695235,0.003714696996675569,-0.09226204003459126,0.016908449403876636,0.5122071478629243,0.3942937229791624,-0.47282848336834676,-0.598839942700191
1592167804.8795235,0.004582670183425808,-0.09429981709683566,0.016884115368771078,0.5122752682889794,0.3941197892388144,-0.4725123631020721,-0.5991466819972886
1592167804.8895235,0.005449640212959718,-0.09633979793695711,0.016861110949614237,0.5123447961243361,0.39392750703400364,-0.47226679904356794,-0.5994065452624903
1592167804.8995235,0.006321324170595097,-0.09839389603622826,0.016841098494305765,0.5123661133322249,0.39371923806912856,-0.4721075584967332,-0.599650480641407
1592167804.9095235,0.007197834859441114,-0.10045789737552921,0.01682375383250012,0.5123921579708623,0.3934850298674367,-0.4719713731565823,-0.5998884184945531
1592167804.9195235,0.008081095100360902,-0.10254168444945037,0.016811049805705823,0.5122322103222032,0.39337951639113955,-0.471791000325013,-0.6002362086971382
1592167804.9295235,0.008971985225475008,-0.10464599600172568,0.01679951383601693,0.5120455521797665,0.39319651438785325,-0.47175556984075445,-0.6005431811783285
1592167804.9395235,0.009870333708538872,-0.1067516950952093,0.01678219153336151,0.5119585865235885,0.392844898926914,-0.4718982998252956,-0.6007351267781185
1592167804.9495234,0.01077051373635074,-0.10884179927223363,0.016739172641814352,0.51191342079941,0.39242038998893886,-0.47196089439921346,-0.6010023720083573
1592167804.9595234,0.01169298643462413,-0.11095217244893704,0.016693582520731026,0.5118460818044693,0.39200883499538175,-0.47187850410823096,-0.6013918661054004
1592167804.9695234,0.012617965612823114,-0.11306110385937367,0.016650860590304142,0.5116981019602311,0.3916088392126832,-0.4717861025214487,-0.6018517170889233
1592167804.9795234,0.013550131154321183,-0.1151862353120394,0.016607229114996472,0.5116256223972248,0.39103398888010404,-0.4719018502126385,-0.6021956931485474
1592167804.9895234,0.014494746982914931,-0.11732231438324563,0.01656147852454796,0.5115513890423583,0.3904063413750807,-0.4719692696992024,-0.6026132719950853
1592167804.9995234,0.015457495292398584,-0.1194913807122488,0.016510047282430725,0.5114117038598681,0.38976756132082524,-0.4718983992041043,-0.6032007958617943
1592167805.0095234,0.016415099051463822,-0.12166444295012009,0.016459285810435452,0.5112929258332383,0.38905721874283244,-0.4719481658731064,-0.6037215412172994
1592167805.0195234,0.017370652266843065,-0.1238537623371512,0.016409788469236335,0.5111016392584422,0.3884038476786156,-0.4720869943901211,-0.6041947822300285
1592167805.0295234,0.018335575464854294,-0.12606156643713903,0.016365000109342765,0.5107168555797146,0.3879903348896903,-0.47201358438179475,-0.6048429756566959
1592167805.0395234,0.01930599099294694,-0.1282897794108872,0.01632311418017468,0.5102394369422154,0.38763863971612417,-0.47196642667455213,-0.6055074218364245
1592167805.0495234,0.02027426415636871,-0.13052188703463333,0.01628526581210733,0.509729001259077,0.38729662060965203,-0.4720423724320796,-0.6060973711730026
1592167805.0595233,0.021181145237655515,-0.13260036681531404,0.01624114808674569,0.5091731798657121,0.3869655082552334,-0.47209799888064635,-0.6067318178955805
1592167805.0695233,0.022149664122036172,-0.13481618181944227,0.016193706409180362,0.508656918990507,0.38653710055512985,-0.4722797150856993,-0.6072971536353422
1592167805.0795233,0.0231223461236599,-0.13704037203360672,0.016145100862749593,0.5081311594189751,0.38604269038088646,-0.4725968416872853,-0.6078033096191136
1592167805.0895233,0.024102643696363748,-0.139261549225001,0.01609398465652578,0.5075870504056788,0.3855306442643038,-0.4729308551563622,-0.6083239078793768
1592167805.0995233,0.025103929966093643,-0.14148696789085863,0.016037838233897088,0.5070918242550903,0.3850047259534152,-0.4732197935309344,-0.608845021985449
1592167805.1095233,0.02612886321057691,-0.1437137033146419,0.01597492617482915,0.5067257509374046,0.3843965877947328,-0.47348078842389313,-0.6093304360470229
1592167805.1195233,0.02718494990714158,-0.14595101438100674,0.015904123798637024,0.5064996260829498,0.3837642422207614,-0.47360110683344286,-0.6098237928692105
1592167805.1295233,0.028271270868999696,-0.14820654374046255,0.015825940452463636,0.5064769645096773,0.3831006367411298,-0.4735321336112905,-0.6103132421725801
1592167805.1395233,0.029381637883101185,-0.15048927929226294,0.015742801510125092,0.5066503698073636,0.3824314383947717,-0.47330488226969103,-0.6107651613930621
1592167805.1495233,0.030403634289157846,-0.15260631199562383,0.01567826820129625,0.5068900738930562,0.38186937434440155,-0.4729482918235581,-0.6111944043504604
1592167805.1595232,0.03140633713514377,-0.15470373085210756,0.01561819681076968,0.5071813206206695,0.3813711895913786,-0.4725476054594376,-0.6115730525923965
1592167805.1695232,0.03248205541304397,-0.1569690259816811,0.015552628656968335,0.5075221099981766,0.38087686153677447,-0.4722163588903071,-0.6118538470888859
1592167805.1795232,0.03361050914897381,-0.15934877593277091,0.015483834055381429,0.5079419867727424,0.3803933789858561,-0.4719613992205076,-0.6120040101173257
1592167805.1895232,0.03475858746931771,-0.16174692370644397,0.015412321556216923,0.5084187171097329,0.37993740513353863,-0.47160440513353863,-0.6121662132127337
1592167805.1995232,0.0359284160287971,-0.16417715760509116,0.015338106513621668,0.5089997718793527,0.3794965702088151,-0.4710634649651947,-0.6123726543665903
1592167805.2095232,0.03710635489980179,-0.166645017670112,0.015268296400976888,0.5096064606037236,0.379174492337194,-0.4703305539592437,-0.6126318341492449
1592167805.2195232,0.038281150088217204,-0.16916732020914163,0.015205688530642643,0.5101656314531631,0.3790415682898614,-0.469525089528466,-0.6128660690222271
1592167805.2295232,0.03943694484528509,-0.1717395769295222,0.015149799320293365,0.5106113941540675,0.37917367465055907,-0.4689008688628197,-0.6128911626747204
1592167805.2395232,0.040554759554994414,-0.17431238172910196,0.015105106343877734,0.511139841687867,0.3793149197724966,-0.4684015814391242,-0.6127444945026315
1592167805.2495232,0.041633490049549915,-0.17688379625750422,0.015082589360494647,0.5117312523441611,0.37950150897062357,-0.4679360378612367,-0.6124914753916882
1592167805.2595232,0.04274239902988957,-0.1795601312323682,0.015060765344335059,0.5123705834380974,0.37973508854959226,-0.46749194865347854,-0.6121509696122557
1592167805.2695231,0.04385146312648593,-0.18226684079338312,0.01504021302944144,0.5130457275537862,0.37998877580036844,-0.467086573615159,-0.6117376840879871
1592167805.2795231,0.0449653202557202,-0.1849926952871252,0.01502161475798688,0.5137473809656523,0.38027881226949856,-0.4666499648966515,-0.6113009881197092
1592167805.2895231,0.04609325925880779,-0.18775609943201885,0.015003820372742975,0.5144777756542793,0.38061319327931437,-0.4661706884865421,-0.6108450515898298
1592167805.299523,0.047227244055340296,-0.19055347194741948,0.014987339542034092,0.5152293632008926,0.38096914629996087,-0.46570396029668,-0.6103446386529324
1592167805.309523,0.04836203017922543,-0.19338412999725843,0.014977224069900097,0.5159137983915735,0.3814377368394509,-0.4652042060684329,-0.6098545138290458
1592167805.319523,0.04949654322080462,-0.19626998961752953,0.01497560193784161,0.5164651776608883,0.38203794951931674,-0.4646857276027205,-0.6094077147131243
1592167805.329523,0.05062241643693307,-0.19921214813836266,0.014979545902272606,0.5170357097295133,0.38255531566721646,-0.4643234169547524,-0.6088752902704867
1592167805.339523,0.051734219428228666,-0.20217700173957226,0.014982563837761264,0.5176729240037121,0.38297381596170965,-0.46411722173069586,-0.60822815891002
1592167805.349523,0.05289743457429,-0.2053133259662144,0.014989585021655117,0.518253053887738,0.3834009130860035,-0.46392158590026494,-0.6076134792363285
1592167805.359523,0.05401501194146764,-0.208347001134853,0.014996519763366415,0.5188136630945624,0.38380279128899863,-0.4637263924841591,-0.6070297293895967
1592167805.369523,0.05513059805288779,-0.21139078598751848,0.015005414884657427,0.5193683298763473,0.3841106361238896,-0.46367712486189744,-0.6063980639188677
1592167805.379523,0.05625493562899825,-0.21445340888311987,0.015015280721901541,0.5197533706385822,0.3845360927825669,-0.46359338713427206,-0.6058636221864753
1592167805.389523,0.057397516088523115,-0.2175517302435894,0.015026207508945658,0.5199069636859927,0.3850505856563699,-0.46341938175200986,-0.6055367544255179
1592167805.399523,0.05855779385454813,-0.22066348997875193,0.015026687250949734,0.5200866928606821,0.3853340046784134,-0.4633618740253305,-0.6052470244760473
1592167805.409523,0.059738261783267646,-0.22378178295771506,0.015019245144209725,0.5203588792713866,0.385346993134373,-0.4632345780299935,-0.6051015073672462
1592167805.419523,0.06093981966790513,-0.22694574031929354,0.015002935065551571,0.5204481248285217,0.38536286664710573,-0.4628702469133906,-0.6052935914169445
1592167805.429523,0.062145456164370005,-0.23013920398561605,0.014983576290621619,0.5202218474337084,0.38560113089837,-0.4622169177825147,-0.6058350605495637
1592167805.439523,0.06329107876286966,-0.2331872826514926,0.014953884764495114,0.5201807898074402,0.38544233758480073,-0.46184173248641275,-0.6062580573210274
1592167805.449523,0.06435265936785818,-0.23600872023694977,0.014918149146581652,0.5203507735703594,0.3848086638680588,-0.46180068953737413,-0.6065459142107549
1592167805.459523,0.06543843291396975,-0.2388811407594203,0.014876871327140145,0.5204955328137089,0.384066322074616,-0.4617142137220812,-0.6069582649153602
1592167805.469523,0.06663659382556644,-0.2420516900510677,0.014829871272974355,0.5204784835621958,0.38341243449285184,-0.46145736432709816,-0.6075802568711993
1592167805.479523,0.06784643222386978,-0.2452702958792243,0.014781991292966479,0.5201947361146795,0.3829268182313683,-0.46103867161110923,-0.6084468122045997
1592167805.489523,0.069045543198761,-0.24849982565035722,0.014736821981948488,0.5199033166883547,0.3823493878347719,-0.4607808374317852,-0.6092535723679818
1592167805.499523,0.0702332791009156,-0.25172562525057435,0.014685706477267394,0.5198978646896619,0.3815332845202524,-0.46072120296550706,-0.6098155949969448
1592167805.509523,0.07141541821650345,-0.25493657421345006,0.014641941479226015,0.5197861822850726,0.3810064528329535,-0.46050067636970243,-0.6104056472605952
1592167805.519523,0.07259726325925722,-0.258195900133895,0.01461393440324947,0.5195637672119784,0.3807146153374041,-0.46020288752554267,-0.6110017436946575
1592167805.529523,0.07376122949584975,-0.2614779220335705,0.014598170124582418,0.5193399596371754,0.38047796137360335,-0.4601461453984658,-0.6113827881922896
1592167805.539523,0.07497712360377283,-0.265053518723258,0.014606746051757189,0.5190714808001523,0.3802706422533229,-0.4603296616756306,-0.6116002686436978
1592167805.5495229,0.07620662618685148,-0.2687320621973715,0.014627200949857826,0.5186982705074938,0.38012003033634606,-0.46056852907653567,-0.6118313985322044
1592167805.5595229,0.07742836762605497,-0.272398321905437,0.014647202033214658,0.5182964820475926,0.37995928158039366,-0.46083420161498945,-0.6120708551521228
1592167805.5695229,0.07856312758991543,-0.27580681195267204,0.014665982414694896,0.5179529158521134,0.379762020723765,-0.46118356062484644,-0.6122215865295527
1592167805.5795228,0.07967198390600913,-0.27913940201852255,0.01468722018114601,0.5175847636573261,0.3795842775001983,-0.4615284790667173,-0.6123832044026832
1592167805.5895228,0.08078550263981885,-0.2824582187490469,0.014713177711489575,0.5171132682936617,0.37954197940181655,-0.4617907538563531,-0.6126098964918057
1592167805.5995228,0.08190463987714303,-0.2857747673165162,0.0147459420925629,0.5165141785546059,0.37955808980129047,-0.46204660738134806,-0.6129130118364801
1592167805.6095228,0.0830188818196024,-0.2890833337756632,0.014780182010684123,0.5159286587942188,0.3794370657142799,-0.4624513412057812,-0.6131750001834911
1592167805.6195228,0.08412512765405113,-0.2923510398663434,0.014813482229069683,0.5153966383628714,0.3792171169350567,-0.46301123609946565,-0.6133361502308053
1592167805.6295228,0.08523224585718554,-0.2956148983339235,0.014848755358807197,0.5148033785060995,0.37900224035278823,-0.463573901883709,-0.6135425386541804
1592167805.6395228,0.08635923683025591,-0.2989290719946455,0.014878625705952428,0.5142240487942129,0.37878735599815305,-0.46408784880447373,-0.6137719532026062
1592167805.6495228,0.08760752491133192,-0.3025327894479552,0.014888951488587467,0.5136998684807593,0.378629729137394,-0.4644470048630851,-0.6140359327598599
1592167805.6595228,0.08880518450788208,-0.3059425928407047,0.014890440041611068,0.5133071630967357,0.3784409715001053,-0.4646623851242541,-0.6143178686214812
1592167805.6695228,0.08998043429600242,-0.30922785184732554,0.01487530611445354,0.5132231675035154,0.3780523317934175,-0.4648075225949141,-0.6145180853585642
1592167805.6795228,0.09117279498651684,-0.3124938483979109,0.014848150267733834,0.5132459517802191,0.3776679677839907,-0.4648062379189965,-0.6147363826825721
1592167805.6895227,0.09238294023195849,-0.3157692931566296,0.014813333465017595,0.5133280187223814,0.3773097552065351,-0.4646091475773319,-0.6150361353621489
1592167805.6995227,0.09360640745300328,-0.3190634272157396,0.014769462330232668,0.5134760922721202,0.3769118172287421,-0.4642622342647802,-0.6154190975910677
1592167805.7095227,0.09483612707393127,-0.3223545925073109,0.01471719006350862,0.5137246648479314,0.376481170673169,-0.4638289740365533,-0.6158010175549857
1592167805.7195227,0.09607471708033263,-0.3256648295528573,0.014662176299744428,0.5140087108458908,0.3760565544388677,-0.463358387562827,-0.6161788136515819
1592167805.7295227,0.09731208646054859,-0.3289957323683335,0.014607999884007463,0.5142429104169448,0.3757511192143735,-0.46285117434240747,-0.616549871827321
1592167805.7395227,0.0986254111900843,-0.3324908128446797,0.01455385202372781,0.5145440197318863,0.3754082474002019,-0.46237617075123666,-0.6168640998715127
1592167805.7495227,0.09994733093982623,-0.335952755087124,0.01451232661664246,0.5148073023607145,0.37516048669001667,-0.46192155148149566,-0.6171353003516875
1592167805.7595227,0.10120433654380129,-0.3392623865588178,0.014479622365592106,0.5149608256444241,0.3749914894012797,-0.46138557356489934,-0.617511357440585
1592167805.7695227,0.10244671339949472,-0.3425698369807464,0.014457498432659217,0.5150088382842748,0.3749188382842748,-0.46084809159805346,-0.6179162524641985
1592167805.7795227,0.10366736010874399,-0.34587262487105674,0.014449797320381616,0.5147286765453365,0.3750883957971547,-0.46043654573569376,-0.6183539602593111
1592167805.7895226,0.10487184517126491,-0.34915971395384454,0.01445045190877238,0.5143421058648487,0.37525676280275094,-0.46025393433379985,-0.6187094541572232
1592167805.7995226,0.10606474893976096,-0.3524241389436691,0.014460552815605338,0.5139208206331727,0.3753618559596673,-0.46024027794901157,-0.6190057453965043
1592167805.8095226,0.10725688257887492,-0.355690598479328,0.014477823831871166,0.5133861736662247,0.3755101714893946,-0.46046989580026515,-0.6191880311131979
1592167805.8195226,0.10846393062839871,-0.35895155748720087,0.014494383948985369,0.5129444762499447,0.3755350102231965,-0.46086469212058806,-0.6192459897768035
1592167805.8295226,0.10970788255314898,-0.36220447017118,0.014500901896483379,0.5126852971417641,0.37533097099595386,-0.4611015080332524,-0.6194070376290738
1592167805.8395226,0.11106179923939366,-0.3655900495920035,0.014497609105204909,0.5126077578696581,0.3750168571549117,-0.46115887893482904,-0.6196193074982213
1592167805.8495226,0.11255617972679136,-0.3691954430258574,0.014489816781494027,0.512602233016693,0.3746578684101734,-0.46106552019077834,-0.6199110885969807
1592167805.8595226,0.1139615765061281,-0.3725439911419327,0.014479430212224581,0.5125598174048657,0.3743898269796543,-0.46082899333306404,-0.6202831165999249
1592167805.8695226,0.11536314001097979,-0.37586371996736473,0.014467081920006451,0.5124783454399501,0.37418183870249694,-0.460477529582397,-0.6207366166785268
1592167805.8795226,0.11676828015347167,-0.3791874621389083,0.014453177662639973,0.5124344030988899,0.37391392991017547,-0.4601514183501385,-0.6211761709253473
1592167805.8895226,0.1181644591936835,-0.38250785227106193,0.014433804851698215,0.5124804059570695,0.37349213127359704,-0.4599643259788764,-0.6215300529512761
1592167805.8995225,0.11954659052040222,-0.3858085949130857,0.01441182681545357,0.512544854236037,0.37304815178418316,-0.45981535485822717,-0.6218541397437427
1592167805.9095225,0.12091951606411512,-0.38909515898177044,0.014394232245063338,0.512527000612707,0.37264402867313984,-0.4596353091533783,-0.622243765837315
1592167805.9195225,0.12228000620211564,-0.3923778752750395,0.014381504918086017,0.5123893483692494,0.3722838398172269,-0.4594828195969947,-0.6226858802436974
1592167805.9295225,0.123621117508161,-0.3956536997436149,0.01437464415755286,0.5121294257556285,0.3719409068409975,-0.4594033241117099,-0.6231624246067989
1592167805.9395225,0.12491630612953926,-0.39884671873459276,0.014370216030655105,0.5118217038737967,0.37156218403967634,-0.4594202587640277,-0.6236288148072912
1592167805.9495225,0.1261280752153744,-0.40183653444342404,0.014366668370191415,0.511462440909644,0.37117761507700603,-0.45951943541840495,-0.6240792725916076
1592167805.9595225,0.12742989160531862,-0.40506944188548843,0.01436614854679166,0.5110594631480586,0.3708460666240051,-0.4595979497907524,-0.6245483134852908
1592167805.9695225,0.12872673193065481,-0.40829458580387973,0.014367217281224795,0.5106531953300968,0.37055682132471335,-0.4596290904900382,-0.625029567551972
1592167805.9795225,0.13001867413991378,-0.41152045396358744,0.014366636580247928,0.5102787374582759,0.3702194806914372,-0.45970639823216747,-0.6254782208603211
1592167805.9895225,0.13129980143867656,-0.4147418133199365,0.014361880365946607,0.5099921512552599,0.3697673554139287,-0.45989049777693713,-0.6258443278842606
1592167805.9995224,0.13257064198125273,-0.4179545606627636,0.01435332459394127,0.5097807472111229,0.36928230672060286,-0.4601110776713037,-0.6261411553426074
1592167806.0095224,0.13383341863867562,-0.4211638064349255,0.014350475909342986,0.5095214263102622,0.36892297567597476,-0.46023404760057846,-0.6264731706560288
1592167806.0195224,0.13508458851158228,-0.4243961496888835,0.014355400773524091,0.5092556871029991,0.36866597981889326,-0.4603416578900081,-0.626761023064122
1592167806.0295224,0.1363146586678958,-0.4276488238811456,0.014368310104520892,0.5089865414021313,0.3685291884675356,-0.46048048103909994,-0.6269579620781999
1592167806.0395224,0.13752975154471933,-0.4309610596939237,0.01439381310420982,0.5086906692321677,0.36857436063309634,-0.46053362443427165,-0.6271323710399015
1592167806.0495224,0.13871916763314387,-0.4342482484109099,0.014417870480231689,0.5085420901295422,0.36858386113067143,-0.4605856845466022,-0.6272101364193184
1592167806.0595224,0.1399102487789066,-0.437519036837718,0.014432404170817769,0.5085086817005896,0.36849213616764925,-0.46065122723352986,-0.6272426365988208
1592167806.0695224,0.1411062717737134,-0.4407671222733367,0.014443338293290175,0.5084732452070934,0.3684339033530372,-0.4606224904141868,-0.6273259353057478
1592167806.0795224,0.14229972643421507,-0.44401365287304595,0.01445645595426311,0.5084334479152492,0.36842208117943165,-0.4605189887430277,-0.6274423833832136
1592167806.0895224,0.14348668915961477,-0.4472669625508493,0.014475261709049357,0.5082852614123052,0.36858951619137065,-0.46024343152616837,-0.627666052282461
1592167806.0995224,0.14466255418951204,-0.45051711010148504,0.014491120403869184,0.5083189997254035,0.36870803487374815,-0.46013696347867317,-0.6276470063157181
1592167806.1095223,0.1458290652407054,-0.4537348082985154,0.014508889154204422,0.5082860422468409,0.3690499885212521,-0.45978029572788637,-0.6277329470895558
1592167806.1195223,0.14699779543827665,-0.45695108356868935,0.014527765989995604,0.5082072715472631,0.3695020358962066,-0.4593146173181762,-0.6278725147030767
1592167806.1295223,0.14816243075942895,-0.46013761644620377,0.014532274165522205,0.5083163001236121,0.3697600252163211,-0.4591215380935038,-0.6277727836980995
1592167806.1395223,0.14941220416806228,-0.4636058821594591,0.014533410872089713,0.5084720911009594,0.3699547957263591,-0.45882944271014164,-0.62774579169598
1592167806.1495223,0.1506807171896728,-0.4670672117342898,0.014538275412401125,0.5085377771706444,0.37015978256801907,-0.4584077066038186,-0.6278794999665871
1592167806.1595223,0.1518720821214381,-0.47029353528312456,0.014542445171501566,0.5086161817352921,0.37029114317888717,-0.45797862660878813,-0.6280526101458486
1592167806.1695223,0.15303217630942334,-0.47342035309919805,0.01453841053315879,0.5088695935812699,0.3702607454791494,-0.4577298548817083,-0.6280461333634049
1592167806.1795223,0.15419713943793717,-0.47652053653943227,0.014528194755681267,0.5091133045580885,0.3703176412830175,-0.4573774128758766,-0.6280721607427996
1592167806.1895223,0.15537707838024617,-0.47960427706637443,0.01450862353132728,0.5095006682110288,0.37032218183586246,-0.45691244947035137,-0.6280933101448273
1592167806.1995223,0.15656622984008187,-0.48266814182968065,0.014482491413959759,0.510007556097624,0.37026642460703624,-0.45631066887074334,-0.6281523992773378
1592167806.2095222,0.15775805754637778,-0.48571847413941005,0.01445726746032228,0.5105219609379563,0.3701930666555521,-0.45556489777181225,-0.6283194275268209
1592167806.2195222,0.15893570819287708,-0.48876272575105467,0.01444334618325604,0.5108691471461942,0.3702033398262999,-0.4548204632758104,-0.6285702337467972
1592167806.2295222,0.16008545102002308,-0.49180761530904643,0.014443342152809065,0.5110730866901537,0.3701799711032821,-0.4544384994055789,-0.6286945505692564
1592167806.2395222,0.161227829553417,-0.4949164830384188,0.014450808427950119,0.5112086575262546,0.37011175685530906,-0.45425722090139997,-0.6287549180887788
1592167806.2495222,0.1623990013164282,-0.4981566011111412,0.014461740554120679,0.5112832654818984,0.3700102037643785,-0.454176387656496,-0.6288129797075916
1592167806.2595222,0.1634794879925959,-0.5011425196121045,0.014469885219970807,0.5113830584382677,0.3698420686994862,-0.4541441889964277,-0.6288542485748307
1592167806.2695222,0.16454297820116462,-0.5040612800447121,0.014475840281354393,0.5114915897682343,0.3697301439709508,-0.45403477905052203,-0.6289106923261757
1592167806.2795222,0.16561073353262828,-0.5069765761552758,0.014484183567255482,0.511561030969622,0.369743570541917,-0.4537801920243138,-0.6290301548481104
1592167806.2895222,0.16668203051211455,-0.5099027256372145,0.014496013944996642,0.511583378482129,0.3698484931784002,-0.4534053850184124,-0.6292199481247099
1592167806.2995222,0.16774913803994695,-0.5128334140835062,0.014503508334686607,0.5116851265929542,0.36988103797021915,-0.45310216454783914,-0.6293372784814979
1592167806.3095222,0.1688050304827018,-0.5157426355644104,0.01450598075502584,0.5119381386960902,0.3697710944235876,-0.4529413372081311,-0.6293116955727497
1592167806.3195221,0.16985372483426062,-0.5186317072526307,0.014511089121576027,0.5121308693255151,0.3697724598219162,-0.4527201397536607,-0.6293131453543063
1592167806.3295221,0.17091819899525157,-0.5215802059032588,0.014515147954582903,0.5121677704000487,0.3699875103988311,-0.45236393680163967,-0.6294127823994805
1592167806.3395221,0.17204829496233887,-0.5247805066450902,0.014480381439317487,0.5122599365152724,0.37019741041245335,-0.4520412537955393,-0.6294461343454771
1592167806.349522,0.1731815532003454,-0.5279558248807619,0.014436713570319878,0.5124269469454802,0.37036362333510886,-0.4517473703027887,-0.6294228811667555
1592167806.359522,0.1742763674728219,-0.5309693780552194,0.014387824096740104,0.512625295273503,0.3705792919515055,-0.45138755732703106,-0.62939257014045
1592167806.369522,0.17532102476274283,-0.5337723753640776,0.014332542770520889,0.5128916546474935,0.3707597791733906,-0.45092830432011843,-0.6293989409388523
1592167806.379522,0.1763835962885479,-0.5365439743540525,0.01426665742395138,0.5131710033188559,0.37089060601901175,-0.45040113582725577,-0.629471389289519
1592167806.389522,0.17745968491911893,-0.5392715896107426,0.014189938181029213,0.5135122235137562,0.37086327052719814,-0.44980062111606745,-0.6296384088614795
1592167806.399522,0.17854716530464276,-0.5419728054176336,0.014108545630970809,0.5138968313801895,0.3707404058020126,-0.4490969979856747,-0.6298993169928178
1592167806.409522,0.1796371629209189,-0.5446589128028518,0.014025858353649369,0.5142970932541717,0.3706137619490681,-0.4483269376713813,-0.6301958875367358
1592167806.419522,0.18071996904398258,-0.5473205735275086,0.013946174732877268,0.5146220159415112,0.3705976703521931,-0.44749846387540293,-0.6305286063242187
1592167806.429522,0.18179798115202297,-0.5499720837064083,0.013867908794793854,0.5149336311981209,0.37059908195597313,-0.4465311665523936,-0.6309590453231576
1592167806.439522,0.18285846991384785,-0.5526066525555892,0.013785807670345207,0.5153277215814471,0.3704842243515552,-0.4457603414253629,-0.6312498607907235
1592167806.449522,0.1838748257001003,-0.5550897647884939,0.013700544908726287,0.5157254848654423,0.37035145348509546,-0.4451264634821979,-0.6314501753679959
1592167806.459522,0.18493274135656895,-0.557597778547501,0.01360458381126464,0.5162081231124297,0.3701530373376257,-0.44454254216995615,-0.6315829280806575
1592167806.469522,0.1859884873693817,-0.560064720420569,0.013503744875975117,0.5167638435759564,0.3698776214507073,-0.44396911318535803,-0.6316934487067595
1592167806.479522,0.18704420528377572,-0.5625011201805155,0.013399948933247483,0.5173516551957191,0.3695791880750623,-0.44336215514744387,-0.6318131637989298
1592167806.489522,0.1881042936338575,-0.5649213704293224,0.013298012058214697,0.5179228397964327,0.36928898295184265,-0.4425276631971672,-0.6321003141589508
1592167806.499522,0.18915740159466637,-0.5673537089929797,0.013205618535417307,0.5183878237867,0.36921571105597534,-0.441587241556708,-0.6324191340983423
1592167806.509522,0.1901798852727044,-0.5697862705407553,0.01312423702785727,0.5188092759225872,0.36931222496424704,-0.4407880823876875,-0.6325746674358776
1592167806.519522,0.1911494633618382,-0.572189904871836,0.013057928093129131,0.5191934908859323,0.3695241002674341,-0.44011470275502607,-0.632605322587766
1592167806.529522,0.1920368731654708,-0.5744296304471406,0.013009080209757766,0.519619598816309,0.3697495885600201,-0.43965776863928774,-0.6324413735701504
1592167806.539522,0.1928514578314586,-0.5764598950565599,0.012977022264434725,0.5200518164762992,0.369975313724876,-0.4393048254223394,-0.6321994772968443
1592167806.549522,0.19365323508568244,-0.5784529166686995,0.01294002525035673,0.520568417388255,0.37021299681738884,-0.4389147056226131,-0.6319057792169598
1592167806.559522,0.19451691086312656,-0.5805654194852505,0.01289342782734268,0.5211369624969543,0.37044983736842746,-0.4384408394124718,-0.6316264480048893
1592167806.569522,0.19539868483442271,-0.5827047320412935,0.01284378921638012,0.521727654890074,0.3707162154752136,-0.43792490707515147,-0.6313411634004867
1592167806.579522,0.19625919903615127,-0.5848061907762778,0.012793446660597927,0.52234748104562,0.37093808771702913,-0.43746069789970615,-0.6310196961440723
1592167806.589522,0.1970846648360057,-0.5868527688522506,0.012745131397535667,0.5229238237103626,0.3711497932490439,-0.437050018506013,-0.630702634391743
1592167806.5995219,0.19786021732584222,-0.5888301785374181,0.012703085337500001,0.523451302779115,0.37139453023013436,-0.4367170792839382,-0.6303517279454997
1592167806.6095219,0.19858263038184146,-0.5907516228530953,0.012669665295408751,0.5239167053076601,0.3716483086091282,-0.4365165592567662,-0.6299541150343353
1592167806.6195219,0.19924706321280325,-0.5926089037088846,0.01264620928900643,0.5242757464137718,0.37192786001858197,-0.4364617318371139,-0.6295277304487599
1592167806.6295218,0.1998600645512168,-0.5944056375525577,0.012631275703484528,0.524553880809026,0.3722265011037405,-0.4365269841317582,-0.6290740535105258
1592167806.6395218,0.2004390084913516,-0.5961914283635096,0.012623056887153598,0.5247451795865793,0.37255578734352846,-0.4366255661647928,-0.6286517353408289
1592167806.6495218,0.20099949254882624,-0.5980637547788032,0.012621248000683455,0.5247600868335286,0.37297126525475843,-0.4367287862559297,-0.6283210109819181
1592167806.6595218,0.20152217327021774,-0.5998650950043104,0.012624330728311626,0.5246891158266671,0.37337806768596304,-0.43688953425017446,-0.6280268752150892
1592167806.6695218,0.2020192359220887,-0.6015839992167574,0.012621549617219481,0.5246018786660627,0.3737226948213355,-0.437079902798636,-0.6277624265126017
1592167806.6795218,0.20250282864575056,-0.6032283099121977,0.012614738544724686,0.5244113976907285,0.3740658573537463,-0.43719965057731786,-0.627633046829456
1592167806.6895218,0.20297286901387376,-0.6047989084584855,0.012606956492776917,0.5240869459495544,0.3744066035511586,-0.4372745910098039,-0.6276495620420678
1592167806.6995218,0.20342679668918398,-0.6062821280307427,0.01259307223702933,0.5237822960502168,0.3745507553584835,-0.43744670394978324,-0.6276979313459293
1592167806.7095218,0.2038746538701731,-0.6076715747740166,0.012562159383123207,0.5235398575312877,0.3744625647378319,-0.437684445686708,-0.627786435262168
1592167806.7195218,0.2043131465230017,-0.6089255495772409,0.012517855814420891,0.5233065363142946,0.3742502722114972,-0.4378347318428527,-0.6280029515809405
1592167806.7295218,0.20472422005046492,-0.6099966241335122,0.012465421396661696,0.5231108854337417,0.37393472507506276,-0.43789371755660145,-0.628312816915524
1592167806.7395217,0.20515266228415904,-0.611047204167887,0.012406806847933539,0.5229455634882773,0.3735622033034119,-0.4378624868091084,-0.6286935659544582
1592167806.7495217,0.20564006251029293,-0.6122271563832191,0.012356671580681187,0.5228144066842985,0.3731420091082823,-0.43776318115175916,-0.629121373262806
1592167806.7595217,0.20612707157883003,-0.6133583475471998,0.012299581929526009,0.5227054876146531,0.37268119839870556,-0.4375999669637729,-0.6295981734984811
1592167806.7695217,0.20660788854549975,-0.6144365182281443,0.012237405417856615,0.5226031070872434,0.3721965746496333,-0.43738735519864363,-0.6301171485785558
1592167806.7795217,0.20707057402674203,-0.6154580757871168,0.012172460939309637,0.5225387573326633,0.3716921326838325,-0.43716132192840046,-0.6306250136150412
1592167806.7895217,0.2075048513510965,-0.6164259879199814,0.012108053568936999,0.5224801742544903,0.37121305666326293,-0.43693608810890505,-0.6311114975458504
1592167806.7995217,0.20789716542057993,-0.6173458036570071,0.012050860852138377,0.5223942652790023,0.37081344263131377,-0.43673361848469583,-0.6315580569190073
1592167806.8095217,0.20823859111739668,-0.6182177371869509,0.012005110603790035,0.5222477797631505,0.3705205979181492,-0.4365696410721013,-0.6319647562476455
1592167806.8195217,0.20852331306347624,-0.6190363248028882,0.011970043193844196,0.5220261882914081,0.37029491185660984,-0.4364887105739193,-0.6323355482650762
1592167806.8295217,0.2087591111083923,-0.6197934103308526,0.011940704490789463,0.5217626494978702,0.3700636698061729,-0.43649526400793515,-0.6326837058974271
1592167806.8395216,0.20894622415024464,-0.620497820333737,0.011934933323139885,0.5215020789643722,0.3698021265742434,-0.4365623334618043,-0.6330054925467877
1592167806.8495216,0.20908886893413275,-0.6211495338247557,0.011954821291833858,0.5212675252097958,0.3695293825699365,-0.43665980896852924,-0.633290236381112
1592167806.8595216,0.20918649478496032,-0.6217419089824903,0.01198320988090067,0.5210193333735813,0.3693289154115505,-0.4367664692131221,-0.6335376204762878
1592167806.8695216,0.20922839789810374,-0.6222837483736736,0.012022314144663294,0.5207683547959934,0.3692631658948883,-0.43690036868800375,-0.6336896405733364
1592167806.8795216,0.20921063008008464,-0.622779520241892,0.012074094937926648,0.5205341816736114,0.36935275898128,-0.4370525708503017,-0.6337251320145532
1592167806.8895216,0.20913858162902335,-0.6232276165027028,0.012136702629753603,0.5203406975955227,0.3695724032059696,-0.43721525063644645,-0.6336438501650459
1592167806.8995216,0.20901310998239586,-0.6236210427571606,0.012209029238449454,0.5201581178192705,0.3698598384263615,-0.4374343603035455,-0.6334748540695617
1592167806.9095216,0.20883959190407475,-0.6239561110705478,0.012288494297607618,0.5199543196216124,0.370172226477734,-0.43773712561092204,-0.633250949881656
1592167806.9195216,0.2086291974022482,-0.6242278261911001,0.012371253448759709,0.5197066944026459,0.37045577781893324,-0.4381123611773457,-0.6330282082976438
1592167806.9295216,0.20839134694272968,-0.6244405224409371,0.012455940670528576,0.5194377474253602,0.37067916516118316,-0.43853516526665465,-0.6328256406804434
1592167806.9395216,0.2081659260432346,-0.6245502929865485,0.012508207292959565,0.5191429390220692,0.37089954120393076,-0.4389702051431029,-0.6326369966881382
1592167806.9495215,0.20792757724242966,-0.6246127783147026,0.012554178650080254,0.5189638528522758,0.371115816575691,-0.43939903729727736,-0.6323589129598685
1592167806.9595215,0.20768443915149265,-0.6246532073714318,0.012596943196278812,0.5189104236198246,0.37136825876052465,-0.43975094920684016,-0.6320100528096514
1592167806.9695215,0.20745209815442467,-0.6246823551790418,0.01263377174413936,0.5189447602177073,0.3716455277528526,-0.44001176753514537,-0.631637873103875
1592167806.9795215,0.20725133500004303,-0.6247003254762414,0.012660147331291338,0.5190620815334013,0.37193556737040534,-0.4401595719090577,-0.6312667961664967
1592167806.9895215,0.20711145252323307,-0.624708498244954,0.012675028989376707,0.5192342582120114,0.3722116270698299,-0.44021098770602146,-0.6309262827615068
1592167806.9995215,0.20702358421037176,-0.6247117002033007,0.012681261233650024,0.5194241029289564,0.3724221227989721,-0.440201932573655,-0.6306523931628948
1592167807.0095215,0.2069708157851052,-0.6247128155574079,0.012683169679835056,0.5196073072126242,0.3725542407538204,-0.440159593311628,-0.6304532654102993
1592167807.0195215,0.2069411633579766,-0.6247119685944102,0.012682166850493221,0.5197797859968758,0.3726148991995589,-0.4400863696016173,-0.6303258948017276
1592167807.0295215,0.2069273299188533,-0.6247114217837477,0.012680165485514877,0.5199401772200979,0.37260382617948357,-0.4399889277521283,-0.6302684819380321
1592167807.0395215,0.20692691434639285,-0.6247100464111218,0.012679728121932366,0.5201304980921749,0.37255351392601627,-0.43985529874105683,-0.6302346985247629
1592167807.0495214,0.20692740269362048,-0.6247067964002004,0.01267734911337172,0.5203756054898427,0.3724903298684004,-0.43966013707961255,-0.6302053324671001
1592167807.0595214,0.2069283980551188,-0.6247019469932139,0.012673399810517369,0.5206707996865804,0.3724247926545027,-0.4394092113839023,-0.6301755148477045
1592167807.0695214,0.20693093298690246,-0.6246966870971946,0.012668450519803948,0.5209952946918976,0.37236375815860157,-0.43911639259511676,-0.6301469572575472
1592167807.0795214,0.20693366540391459,-0.6246921224441375,0.012664513500748514,0.5213081578868543,0.37231526800694037,-0.4388228123345968,-0.6301220595570979
1592167807.0895214,0.20693515168325485,-0.6246889056209872,0.012660862107554325,0.5215826859649927,0.37226297065787667,-0.43855209833325687,-0.6301138104678335
1592167807.0995214,0.20693561665245444,-0.6246869871262548,0.012658887603329592,0.5217843519199911,0.37220358787307034,-0.4383720752586732,-0.630107643205334
1592167807.1095214,0.20693413679996345,-0.6246863899292154,0.012657914790598055,0.5218921211845253,0.37213873309466844,-0.4383158527823146,-0.6300953174747724
1592167807.1195214,0.20693149237328384,-0.6246859217991808,0.012656945001057955,0.5219048006989915,0.3720794405591932,-0.4384001433581073,-0.6300616013979828
1592167807.1295214,0.2069242262344537,-0.6246871003878286,0.012655158005273968,0.5218561349697284,0.37207205988888065,-0.4385507300605431,-0.6300013821212346
1592167807.1395214,0.20691898956168822,-0.6246878336310717,0.01265515776729464,0.5217694217897122,0.37209951467846936,-0.4387197052739248,-0.6299390341748797
1592167807.1495214,0.2069172597605282,-0.6246894009445596,0.012655158081463148,0.5216702927787228,0.3721715720068688,-0.4388822227958948,-0.62986518578044
1592167807.1595213,0.20691272530993324,-0.6246918156879291,0.012655158402960285,0.5215495720251202,0.3722969438064687,-0.43905159446755315,-0.6297737385177934
1592167807.1695213,0.20690626310231777,-0.6246948934932381,0.012655158753381673,0.5214103714674563,0.37245001424358903,-0.43923525136765185,-0.6296707571785016
1592167807.1795213,0.2068983921369493,-0.6246993335127148,0.012656159385139443,0.5212933418587652,0.37258032267654356,-0.43943552075487236,-0.6295503706148524
1592167807.1895213,0.20689139732600598,-0.62470348258609,0.01265716000683748,0.5211994943604639,0.372684304887598,-0.43966116184302595,-0.6294092685145335
1592167807.1995213,0.2068841278811736,-0.62470672274125,0.012657160335193223,0.5210760604575707,0.3727759618652246,-0.4398998921064892,-0.6292900483660566
1592167807.2095213,0.20687714032834292,-0.6247108958360361,0.012658160964642609,0.5209459137499654,0.37284002964790486,-0.4401220619894898,-0.6292040781689945
1592167807.2195213,0.20686954549944378,-0.624716229160174,0.012659102882681822,0.5207954251884681,0.37292640388943205,-0.44034791969845105,-0.6291188911231325
1592167807.2295213,0.20686068541048447,-0.6247210296907607,0.012660077511384281,0.520639887140358,0.3730396433352771,-0.44058122196122007,-0.6290183363476328
1592167807.2395213,0.20684983935941875,-0.6247283305339678,0.012661931011600297,0.5204929134086355,0.37316855208599015,-0.44076464274458005,-0.6289341204408817
1592167807.2495213,0.2068317745041086,-0.6247389571193125,0.012664880854337998,0.5203788189996617,0.37329890512945785,-0.4409796464845367,-0.6288013793544022
1592167807.2595212,0.2068076508031605,-0.6247531473201106,0.012670660078323726,0.5202727943923267,0.3734589627968632,-0.4412406905109007,-0.6286100666782891
1592167807.2695212,0.2067762178728194,-0.6247717319196036,0.012677389634949581,0.5201557088222651,0.37364829014918716,-0.44147094838473416,-0.6284335632333976
1592167807.2795212,0.20673289400856634,-0.6247967564662953,0.012688625676262716,0.5199960207185992,0.3738970265798082,-0.44175828558968067,-0.6282152040510197
1592167807.2895212,0.2066781736539685,-0.6248266760208296,0.012702447618849484,0.5197931914780383,0.37417414546905997,-0.44214685302019785,-0.6279455961167046
1592167807.2995212,0.2066226463695005,-0.6248571248095445,0.01271626964814492,0.5195308900270779,0.3744592957278306,-0.442617514817204,-0.6276608846140788
1592167807.3095212,0.20657761526398635,-0.6248841187299456,0.012726669072444406,0.5192467849751154,0.3746711179577342,-0.4431067125987248,-0.6274235921075402
1592167807.3195212,0.20654100323725497,-0.6249092823932938,0.012736534088275025,0.5189439943993908,0.3747834170459336,-0.4436342322371613,-0.6272344971996954
1592167807.3295212,0.2065075508256518,-0.6249362091379549,0.012746409041001753,0.5185733216596399,0.37482928294925844,-0.4441795223493379,-0.6271279353111824
1592167807.3395212,0.2064740503408345,-0.624969552786037,0.012757902551903625,0.5181379514117624,0.3748587832624229,-0.44473443154123304,-0.6270774334751542
1592167807.3495212,0.2064438214280853,-0.625001738524652,0.012771934592059444,0.5176654346109687,0.374904216080578,-0.4452932844723811,-0.6270429591861018
1592167807.3595212,0.20641216063915496,-0.6250388587962601,0.012789299262098866,0.5171314255351512,0.37502182900420905,-0.4458650436448955,-0.6270067077599376
1592167807.3695211,0.20638015497172207,-0.625077848256949,0.01280653523219289,0.5165729622194762,0.3751830903168412,-0.4464520377805238,-0.6269538423631582
1592167807.3795211,0.20635494593701914,-0.6251116790666053,0.01282130974846488,0.5160086077777388,0.3754125327819106,-0.44698914094653813,-0.6268981356502016
1592167807.3895211,0.20633698594695202,-0.6251356190744471,0.012832161963585532,0.515486468497668,0.3756437787892778,-0.4474885704709411,-0.6268332598878786
1592167807.399521,0.2063265866181425,-0.6251496941190446,0.01283815868499761,0.5149991027312303,0.37586738872319175,-0.4479742352044264,-0.6267526896782837
1592167807.409521,0.20632255388753792,-0.6251557206287572,0.012841244604755818,0.5145506671991632,0.37607723525608777,-0.44841933280083685,-0.6266770962705135
1592167807.419521,0.20632217611633688,-0.6251564255319497,0.012841244780851782,0.5141942790622722,0.37623573345562084,-0.4487781717430249,-0.626617379843712
1592167807.429521,0.2063221760830839,-0.6251564254185884,0.012841627224274543,0.5139348434386942,0.3763332099548453,-0.449077247421095,-0.6265568495926828
