time,acc_x,acc_y,acc_z,mag_x,mag_y,mag_z,gyr_x,gyr_y,gyr_z
1589985383.1428268,-0.06,-4.25,8.73,0.4211111111111111,0.3055555555555556,-0.57,0.00545415391248228,0.0,0.001090830782496456
1589985383.1528268,-0.05710685219217642,-4.234339721711736,8.715786295615647,0.4211111111111111,0.3055555555555556,-0.57,0.001090830782496456,0.0006311869374172194,0.0027991021444264534
1589985383.1628268,-0.04625551528521903,-4.2537444847147805,8.762511030570439,0.4211111111111111,0.3055555555555556,-0.57,0.00040845991914705384,0.004022137698311123,0.0
1589985383.1728268,-0.06448542269417862,-4.237757288652911,8.794485422694178,0.4211111111111111,0.3028144639091131,-0.57,-0.0015801144972282782,0.002538566775391635,0.0
1589985383.1828268,-0.07167939293336495,-4.221679392933365,8.780877875266778,0.4211111111111111,0.2933333333333333,-0.57,-0.003272492347489368,0.0,0.0
1589985383.1928267,-0.06296250042768672,-4.215925000855374,8.707412495295447,0.4211111111111111,0.2933333333333333,-0.57,-0.003272492347489368,-0.0006463173319359198,0.0003231586659679599
1589985383.2028267,-0.07031565755463305,-4.23,8.630631315109268,0.4211111111111111,0.2933333333333333,-0.57,-0.003272492347489368,-0.0021472286672607845,0.001021964987032201
1589985383.2128267,-0.07519724361120411,-4.234802756388796,8.65,0.4211111111111111,0.2933333333333333,-0.57,-0.003534442072975872,-0.0024005794099289752,-0.0005669313315234482
1589985383.2228267,-0.06349570360450843,-4.246504296395492,8.65,0.4211111111111111,0.2933333333333333,-0.57,-0.004172662075071744,-0.005591679420408334,0.000709508672668295
1589985383.2328267,-0.055835551811288964,-4.245835551811289,8.686246672283067,0.4355555555555555,0.3055555555555556,-0.5788888888888889,-0.0023639506922178465,-0.0008636953686785756,0.001090830782496456
1589985383.2428267,-0.04791309196980096,-4.237913091969801,8.670434540150996,0.4355555555555555,0.3055555555555556,-0.5788888888888889,0.001090830782496456,0.00043159221526922027,0.00022764635195801543
1589985383.2528267,-0.06856840532802191,-4.247143864890659,8.644273621312088,0.4355555555555555,0.3055555555555556,-0.5788888888888889,0.0017139428017439856,0.0007792747728726912,-0.0007792747728726912
1589985383.2628267,-0.08312525742528945,-4.236562628712645,8.740312113862066,0.4355555555555555,0.3055555555555556,-0.5788888888888889,0.0028975333063777082,0.00037495904111165993,0.00018747952055582997
1589985383.2728267,-0.05348331617513474,-4.222322210783423,8.788838894608288,0.4360716023963162,0.30620061410650645,-0.5778567952073674,0.0013441446830967756,0.0024349754655932313,0.0013441446830967756
1589985383.2828267,-0.07888330406346515,-4.23925553604231,8.780372231978845,0.4398345635649578,0.31090431556730835,-0.5703308728700843,0.0031912839273386404,0.004282114709835095,0.0031912839273386404
1589985383.2928267,-0.09277058039680189,-4.232770580396802,8.773982454841576,0.44,0.3111111111111111,-0.57,-0.0015772146885503614,0.001090830782496456,0.010658049859687945
1589985383.3028266,-0.1010146152491636,-4.2410146152491635,8.682029230498326,0.44,0.3111111111111111,-0.57,-0.0003320320638533851,0.0006481213640252758,0.02009360626708888
1589985383.3128266,-0.11639970395185323,-4.253199851975927,8.7,0.44,0.3111111111111111,-0.57,-0.0025743929405347967,-0.003272492347489368,0.03905149980954942
1589985383.3228266,-0.09042229729729731,-4.238012387387387,8.702198761261261,0.4358467842842843,0.31575294044044044,-0.57,-0.0013306784292109076,-0.0042318829343471745,0.05473532128241155
1589985383.3328266,0.15704562941546785,-4.175858611765254,8.678282776469493,0.4211111111111111,0.3322222222222222,-0.57,-0.0013167084709329088,-0.005905909289355186,0.06355189956275961
1589985383.3428266,0.19458844133099826,-4.222802101576182,8.63,0.4211111111111111,0.3322222222222222,-0.57,-0.00041455390508184054,-0.0003706150119164842,0.033290397926065224
1589985383.3528266,-0.00636143075003466,-4.252722861500069,8.63,0.4211111111111111,0.3322222222222222,-0.57,9.988822013571458e-05,0.003966416795775101,0.0017847552307821883
1589985383.3628266,-0.03605553934036609,-4.24200308551891,8.65804319726473,0.4211111111111111,0.3322222222222222,-0.57,0.0019631588305930045,0.0037094978162891825,0.001090830782496456
1589985383.3728266,-0.14098736605095274,-4.247832631447276,8.739656840261851,0.4211111111111111,0.3322222222222222,-0.57,0.0013272540159291616,0.004981307445616869,0.001090830782496456
1589985383.3828266,-0.17890729723623766,-4.22945364861812,8.753278108291287,0.4355555555555555,0.3111111111111111,-0.5633333333333334,0.0012100261635795465,0.0029149062042400967,0.0011504284730380011
1589985383.3928266,-0.16311431583703592,-4.221557157918518,8.800657052488893,0.4355555555555555,0.3111111111111111,-0.5633333333333334,0.0029327731893438683,-0.002253334873052868,0.002011801985920162
1589985383.4028265,-0.07153062717132931,-4.2215306271713295,8.696122508685317,0.4355555555555555,0.3111111111111111,-0.5633333333333334,0.0,-0.003940354441493964,0.002348627088494061
1589985383.4128265,-0.07919985372097275,-4.229199853720973,8.72679941488389,0.4355555555555555,0.3111111111111111,-0.5633333333333334,0.0,-0.007286685800810025,0.0031852099283230764
1589985383.4228265,-0.05069826899702418,-4.240698268997025,8.72,0.43501245744675887,0.31018008578174555,-0.5637988459980161,0.001090830782496456,-0.006392646031695354,0.00195315357006784
1589985383.4328265,-0.059488033865627225,-4.249488033865627,8.72,0.4281759736600677,0.29846039929027474,-0.5696586892437514,0.001090830782496456,-0.004475016813779731,-0.0009232902568055948
1589985383.4428265,-0.0861926031250483,-4.253807396874952,8.66555059270822,0.42777777777777776,0.2977777777777777,-0.57,0.00045033880750576223,-0.003497661751242249,0.00045033880750576223
1589985383.4528265,-0.10563976940790999,-4.23436023059209,8.620173871381542,0.42777777777777776,0.2977777777777777,-0.57,0.0018645766484172764,-0.004204780671698006,0.0018645766484172764
1589985383.4628265,-0.1046554002643066,-4.22400844980177,8.645344599735694,0.42777777777777776,0.2977777777777777,-0.57,0.0037097463908756273,0.001965338869268974,0.0007993280869056166
1589985383.4728265,-0.0710620319570702,-4.249203476032197,8.678937968042929,0.42777777777777776,0.2977777777777777,-0.57,0.0064580974086712005,0.007462040904860122,-0.0010329059249580997
1589985383.4828265,-0.06,-4.24,8.728727539583705,0.4211111111111111,0.2933333333333333,-0.5644444444444444,0.0046806654244311765,0.00045614619360574986,-0.0007734884880511029
1589985383.4928265,-0.05736299753526666,-4.234725995070534,8.723629975352667,0.4211111111111111,0.2933333333333333,-0.5644444444444444,0.004591196873867235,-0.001378483128701471,0.0002876523462050149
1589985383.5028265,-0.05877767693184457,-4.231703569242459,8.676333030795535,0.4211111111111111,0.2933333333333333,-0.5644444444444444,0.002181661564992912,-0.0025008269048617487,0.0004525001027587827
1589985383.5128264,-0.07865143369175627,-4.253257168458781,8.742697132616488,0.4211111111111111,0.2933333333333333,-0.5644444444444444,0.0018874500367389395,-0.0029782808192353955,-0.0009437250183694698
1589985383.5228264,-0.07194012416794676,-4.219700620839734,8.756119751664107,0.4211111111111111,0.2933333333333333,-0.5644444444444444,0.00042326943285232754,-0.0015141002153487833,-0.00021163471642616377
1589985383.5328264,-0.08048204550841431,-4.23,8.760482045508414,0.4533333333333333,0.31777777777777777,-0.5633333333333334,-0.001143413790410705,-0.00316732633166087,-0.002234244572907161
1589985383.5428264,-0.08602204124630282,-4.23,8.738176329970422,0.4533333333333333,0.31777777777777777,-0.5633333333333334,-0.001964697571991206,-0.0004399388034913383,-0.002838564361485956
1589985383.5528264,-0.06924072667426256,-4.23,8.61303709330295,0.4533333333333333,0.31777777777777777,-0.5633333333333334,-0.001090830782496456,0.0022644854365971973,-0.0008423591676836001
1589985383.5628264,-0.06471916768484579,-4.23,8.654719167684846,0.4533333333333333,0.31777777777777777,-0.5633333333333334,-0.0008334401135768397,0.0030151016785697517,0.0011520988893144472
1589985383.5728264,-0.08012660138487954,-4.229873398615121,8.670379804154638,0.45282692779381517,0.31769337685452476,-0.5632348655895382,0.0,0.002181661564992912,-0.0021678514962195847
1589985383.5828264,-0.08804022565611969,-4.221959774343881,8.694120676968359,0.4211724307088545,0.31241762734036466,-0.5570798244896847,0.0,0.002181661564992912,-0.001304609000601599
1589985383.5928264,-0.0889585103498147,-4.223124468950556,8.676875531049443,0.4133333333333333,0.3111111111111111,-0.5555555555555556,0.0017272259769634745,0.003272492347489368,0.0006363951944670185
1589985383.6028264,-0.08137593781072042,-4.245872186567839,8.654127813432162,0.4133333333333333,0.3111111111111111,-0.5555555555555556,-0.0015812954374990655,0.003272492347489368,-0.0026721262199955213
1589985383.6128263,-0.06171827276551384,-4.238281727234487,8.700309636593083,0.4133333333333333,0.3111111111111111,-0.5555555555555556,0.0019942270824581314,0.0025227544173502454,0.0016193581173885698
1589985383.6228263,-0.069389322749968,-4.2306106772500325,8.746335936499808,0.4133333333333333,0.3111111111111111,-0.5555555555555556,0.0011574453367469758,-0.0008243725654943765,-0.0008909871197448969
1589985383.6328263,-0.07,-4.24,8.782053722402047,0.4355555555555555,0.3111111111111111,-0.57,0.0024056879264786088,0.0004187516980393661,-0.001090830782496456
1589985383.6428263,-0.07,-4.235454339907047,8.75590754930285,0.4355555555555555,0.3111111111111111,-0.57,0.003272492347489368,-0.0019337342671849622,-0.0005949761868805566
1589985383.6528263,-0.07380850230689344,-4.22,8.64571275346034,0.4355555555555555,0.3111111111111111,-0.57,0.0028570491923325552,-0.0004676660497612366,0.001090830782496456
1589985383.6628263,-0.08809013058208624,-4.22,8.66713519587313,0.4355555555555555,0.3111111111111111,-0.57,0.0012991652176573467,0.0018691599122515757,0.001090830782496456
1589985383.6728263,-0.0672723102585488,-4.22,8.677575896580484,0.4355555555555555,0.3111111111111111,-0.57,-0.0005619734565038038,0.002181661564992912,-0.0005619734565038038
1589985383.6828263,-0.07011039130813701,-4.220165586962206,8.69994480434593,0.44,0.3244444444444444,-0.57,0.001090830782496456,0.003260450523785779,0.0021575779175857335
1589985383.6928263,-0.08810946005590702,-4.25,8.678656760335441,0.44,0.3244444444444444,-0.57,0.0012970566991520314,0.0008846048658408805,-0.0015629838150261859
1589985383.7028263,-0.08191000107654214,-4.246179997846916,8.639550005382711,0.44,0.3244444444444444,-0.57,0.0023900103618822665,-0.000625046390668063,0.0006741331887177473
1589985383.7128263,-0.08812601870120958,-4.23,8.682810971948186,0.44,0.3244444444444444,-0.57,0.0036813316447980252,-0.003374702171816532,-0.001090830782496456
1589985383.7228262,-0.07013554087672644,-4.23,8.70979668868491,0.44,0.3244444444444444,-0.57,0.007606245045351243,-0.004355930521954836,-0.001090830782496456
1589985383.7328262,-0.0625309959987799,-4.23,8.75481402400732,0.4308712173318421,0.3045271004411908,-0.5658505533326554,0.004376847685827158,-0.00680754897372185,-0.0002760888345844474
1589985383.7428262,-0.06,-4.22,8.756655475939937,0.42777777777777776,0.2977777777777777,-0.5644444444444444,-0.00213605769252396,-0.005271738422606471,-0.0020448499475860557
1589985383.7528262,-0.06,-4.22,8.700610980274256,0.42777777777777776,0.2977777777777777,-0.5644444444444444,-0.0013718694292537813,-0.0022149853695257577,0.00024771484222447984
1589985383.7628262,-0.06,-4.257486570540006,8.726858213175008,0.42777777777777776,0.2977777777777777,-0.5644444444444444,-0.0021131184093780304,0.0019760320981482664,6.854315561488178e-05
1589985383.7728262,-0.07432494605631543,-4.2456750539436845,8.744324946056315,0.42777777777777776,0.2977777777777777,-0.5644444444444444,-0.0014003569592014081,0.0029629661707844157,0.0
1589985383.7828262,-0.09879223216863992,-4.24939611608432,8.74060388391568,0.4392619196586133,0.2977777777777777,-0.5696645089357333,-0.001090830782496456,-0.0018522939828537676,0.001024957266068627
1589985383.7928262,-0.1,-4.221420122542641,8.749526625819119,0.44,0.2977777777777777,-0.57,-0.001090830782496456,-0.00010327422562870104,5.163711281435052e-05
1589985383.8028262,-0.06,-4.23,8.585467983420742,0.44,0.2977777777777777,-0.57,0.0,-0.0007952859511366057,-0.00019882148778415144
1589985383.8128262,-0.05935436797475843,-4.229354367974759,8.613873792151448,0.44,0.2977777777777777,-0.57,-7.04275287299033e-05,-0.004363323129985824,-0.0011612583112263592
1589985383.8228261,-0.05108321830013804,-4.221083218300138,8.663500690199172,0.44,0.2977777777777777,-0.57,-0.0009726699959010501,-0.004363323129985824,-0.002063500778397506
1589985383.8328261,-0.05817759630269445,-4.244532788908083,8.751775963026944,0.4300051600744845,0.3141329703831667,-0.5654568909429475,-0.00019879340511562416,-0.00257924837522416,-0.0003975868102312483
1589985383.8428261,-0.06261184760270105,-4.238258768264866,8.773035073059463,0.42777777777777776,0.31777777777777777,-0.5644444444444444,0.001185800241303652,-0.003082553429874976,0.001185800241303652
1589985383.852826,-0.09,-4.220408245538594,8.700408245538593,0.42777777777777776,0.31777777777777777,-0.5644444444444444,0.00213712888496141,-0.0010462981024649542,0.00213712888496141
1589985383.862826,-0.09,-4.231212297433512,8.718486082034582,0.42777777777777776,0.31777777777777777,-0.5644444444444444,0.001090830782496456,0.0003967234074047939,0.00082634851089326
1589985383.872826,-0.09,-4.2393426765914555,8.775398736140188,0.42777777777777776,0.31777777777777777,-0.5644444444444444,0.001090830782496456,0.0030573837650605773,-0.0009474250608772622
1589985383.882826,-0.08908269659344158,-4.23,8.719082696593443,0.4211111111111111,0.3055555555555556,-0.5788888888888889,0.0032224612078512287,-0.0011908930617727347,0.00015009341891441803
1589985383.892826,-0.07239095829353709,-4.23,8.702390958293536,0.4211111111111111,0.3055555555555556,-0.5788888888888889,0.0023120681103056847,-0.0030116792568638225,0.0028812727115510497
1589985383.902826,-0.06067456505496851,-4.2120236951649055,8.593372825274843,0.4211111111111111,0.3055555555555556,-0.5788888888888889,0.002904574184111334,-0.0044369067626614305,7.358363267560681e-05
1589985383.912826,-0.06962813533995091,-4.238884406019853,8.638140676699756,0.4211111111111111,0.3055555555555556,-0.5788888888888889,-0.001978840855940844,-0.005413589770671866,0.0010502666406860424
1589985383.922826,-0.0763497654436038,-4.233650234556396,8.678098592661623,0.4211111111111111,0.3055555555555556,-0.5788888888888889,-0.0014890096042413834,-0.004761501951730751,0.0031687866647510422
1589985383.932826,-0.06644278875571392,-4.236778605622144,8.72033581686643,0.41282614868404743,0.3055555555555556,-0.5728634616692062,0.0003880315525109771,-0.0014055984599709577,0.0014055984599709577
1589985383.942826,-0.08239749275887037,-4.247465830919624,8.75239749275887,0.4088888888888889,0.3055555555555556,-0.57,-0.0005379608543113633,0.002443187455211729,0.0008143958184039096
1589985383.952826,-0.05080535690637002,-4.23080535690637,8.66161071381274,0.4088888888888889,0.3055555555555556,-0.57,-0.0020059599441200056,0.0037117463996716336,0.0019181091336835526
1589985383.962826,-0.05774864256389882,-4.237748642563899,8.675497285127797,0.4088888888888889,0.3055555555555556,-0.57,-0.0004911699987402928,0.007498721263120916,-0.0003540757843860168
1589985383.972826,-0.06788049824834566,-4.232119501751654,8.695760996496691,0.4088888888888889,0.3055555555555556,-0.57,0.0017192580141409692,0.008726646259971648,0.0014880562387149983
1589985383.982826,-0.07,-4.22251912723151,8.72244261830547,0.4379811718774598,0.3055555555555556,-0.57,0.002997698194573712,0.0062785363712292465,0.0005495883058313116
1589985383.992826,-0.07063347486645666,-4.211266949732913,8.655565675934804,0.4477777777777778,0.3055555555555556,-0.57,0.00013820277685374903,-0.0011599321709233304,0.000952628005642707
1589985384.002826,-0.07953357541042295,-4.23,8.592565335242673,0.4477777777777778,0.3055555555555556,-0.57,0.002156222049991716,-0.002207101079994108,-0.0011162702974976519
1589985384.012826,-0.06070011951893628,-4.230700119518937,8.702800478075744,0.4477777777777778,0.3055555555555556,-0.57,0.0012435731670329172,-0.0031961211552211373,-0.00195254798818822
1589985384.022826,-0.068532905057145,-4.238532905057145,8.73413162022858,0.4477777777777778,0.3055555555555556,-0.57,0.002952421882587144,-0.002341696797444024,0.0006107250851431199
1589985384.032826,-0.07961845166828563,-4.220381548331714,8.751907741658572,0.4211111111111111,0.3055555555555556,-0.5866666666666667,0.0021400410984684917,-0.0010492103159720357,-0.002056800165419651
1589985384.042826,-0.07014344771500215,-4.229856552284998,8.79928276142499,0.4211111111111111,0.3055555555555556,-0.5866666666666667,0.0011064785008167678,-1.5647718320311796e-05,0.0010438876275355204
1589985384.052826,-0.07964370388424807,-4.22,8.680356296115752,0.4211111111111111,0.3055555555555556,-0.5866666666666667,0.0020650639337690766,0.005376422158333056,0.001090830782496456
1589985384.062826,-0.07035009195453237,-4.22,8.689649908045467,0.4211111111111111,0.3055555555555556,-0.5866666666666667,-0.0009762634582839813,0.003348870563631018,0.001090830782496456
1589985384.072826,-0.08250441463490195,-4.226252207317451,8.69625220731745,0.4211111111111111,0.3055555555555556,-0.5866666666666667,0.00027318925758856687,0.0025904823274468564,-0.00027318925758856687
1589985384.082826,-0.08266732771442736,-4.2226673277144275,8.714665344571145,0.43496171431719277,0.31451771057125544,-0.5809634771112213,0.00029096031779032893,-0.0002179498291254695,-0.00029096031779032893
1589985384.092826,-0.08,-4.24506970282108,8.686573729571892,0.44,0.31777777777777777,-0.5788888888888889,0.0009115601181757579,-0.0029139510188479724,-0.0009115601181757579
1589985384.1028259,-0.061348217431692234,-4.220449405810564,8.620449405810563,0.44,0.31777777777777777,-0.5788888888888889,0.0001470677075988207,-0.0077828831850740125,-0.001090830782496456
1589985384.1128259,-0.0815008488420513,-4.227166949614017,8.627166949614017,0.44,0.31777777777777777,-0.5788888888888889,0.002345378776671286,-0.009981194254146477,-0.001090830782496456
1589985384.1228259,-0.06144320489800724,-4.215721602449004,8.701391987754983,0.44,0.31777777777777777,-0.5788888888888889,0.004830023904824254,-0.009350776267629674,-0.003427128118498785
1589985384.1328259,-0.05,-4.2302887844190735,8.750288784419073,0.42722558018058354,0.31777777777777777,-0.5728773972091634,0.003978711873564978,-0.005038041162678393,6.300298676608154e-05
1589985384.1428258,-0.040570808608626344,-4.220856212912939,8.787145956956868,0.4211111111111111,0.31777777777777777,-0.57,0.0031479612272486517,0.003241359567429189,-0.0021193960048725537
1589985384.1528258,-0.059144451332920026,-4.24871667699938,8.6942777433354,0.4211111111111111,0.31777777777777777,-0.57,-0.0009041790181015261,0.0022283245060916446,-9.332588219746482e-05
1589985384.1628258,-0.07883003506129845,-4.212339929877403,8.737075087653245,0.4211111111111111,0.31777777777777777,-0.57,-0.001090830782496456,0.004235699753028101,-0.0010270190940175942
1589985384.1728258,-0.08,-4.217862779482683,8.732137220517318,0.4211111111111111,0.31777777777777777,-0.57,-0.0019485269720656772,0.005221019319555045,-0.001090830782496456
1589985384.1828258,-0.08993191651819801,-4.239863833036396,8.749863833036397,0.43987139786770735,0.29791394474138166,-0.5865531941969967,-0.004348469618439995,0.003287345859035197,0.0021593812976741693
1589985384.1928258,-0.07352715932417496,-4.231763579662088,8.6841086372967,0.44,0.2977777777777777,-0.5866666666666667,-0.006160231298420792,0.0014755841790543998,-0.0005137006876595402
1589985384.2028258,-0.07,-4.2208448438453425,8.633379375381374,0.44,0.2977777777777777,-0.5866666666666667,-0.009541002540597227,9.215816729029247e-05,-9.215816729029247e-05
1589985384.2128258,-0.07,-4.228216692367815,8.662866769471261,0.44,0.2977777777777777,-0.5866666666666667,-0.008921174945956461,0.0,-0.0008963020965116426
1589985384.2228258,-0.06506772474308767,-4.234932275256913,8.674932275256912,0.44,0.2977777777777777,-0.5866666666666667,-0.008188618492173089,0.0005380277677985597,-1.4775246899336554e-05
1589985384.2328258,-0.06303441042397838,-4.24,8.69820646254387,0.44,0.3038465986257345,-0.5816093159600361,-0.007635815477475192,0.0014218336122168297,0.0007598279527760823
1589985384.2428257,-0.06079288086265438,-4.2492071191373455,8.72158576172531,0.44,0.31777777777777777,-0.57,-0.0056271336828494275,0.0001729797703671483,0.0010043408973128818
1589985384.2528257,-0.06,-4.2135799871947315,8.61984496478551,0.44,0.31777777777777777,-0.57,-0.0034677503591371834,0.00595921066003529,9.762900582390766e-05
1589985384.2628257,-0.053820843624073834,-4.216179156375926,8.671791563759262,0.44,0.31777777777777777,-0.57,-0.003946533745961318,0.007219026093450686,-0.0006740413984719505
1589985384.2728257,-0.07371762283213745,-4.225929405708034,8.757435245664274,0.44,0.31777777777777777,-0.57,-0.005656918783632639,0.007635815477475192,0.00020276487115035956
1589985384.2828257,-0.10095826864443239,-4.235479134322216,8.80643740296665,0.42965052405803605,0.3043843383234715,-0.5742615489172792,-0.008935708047021249,0.0070381346394645635,0.001688511620507084
1589985384.2928257,-0.09173716477720315,-4.227824776518135,8.813912388259068,0.4211111111111111,0.2933333333333333,-0.5777777777777777,-0.005595864401847935,0.0018965966997516901,0.00284571699288249
1589985384.3028257,-0.08,-4.266084619333796,8.662529218131851,0.4211111111111111,0.2933333333333333,-0.5777777777777777,-0.00017084071023545488,-0.004107062064632642,0.0012616714927319106
1589985384.3128257,-0.06055541829322528,-4.250555418293225,8.659722290853388,0.4211111111111111,0.2933333333333333,-0.5777777777777777,0.0010605374139258672,-0.00966601019961516,-0.00421185628713288
1589985384.3228257,-0.06,-4.2349919111699394,8.66750404441503,0.4211111111111111,0.2933333333333333,-0.5777777777777777,0.0051836521030644055,-0.008180348514240925,-0.002726194601758644
1589985384.3328257,-0.06,-4.222019244295642,8.701923022817432,0.4211111111111111,0.2968803358686035,-0.5901922866512237,0.003062723099019535,-0.007635815477475192,-0.003052226963982712
1589985384.3428257,-0.08675594035594036,-4.22,8.68324405964406,0.4211111111111111,0.2977777777777777,-0.5933333333333334,0.0007223513972479658,-0.0032578849742403533,-0.002542837263616895
1589985384.3528256,-0.1,-4.229518202108828,8.612890787347032,0.4211111111111111,0.2977777777777777,-0.5933333333333334,-0.002076549570866416,0.0009857187883699598,0.000933162791306712
1589985384.3628256,-0.0773871887966805,-4.22246239626556,8.655225622406638,0.4211111111111111,0.2977777777777777,-0.5933333333333334,-0.0013594365470141908,0.00355750583643262,0.005201955872390062
1589985384.3728256,-0.05631576433501302,-4.261052706994961,8.752105413989922,0.4211111111111111,0.2977777777777777,-0.5933333333333334,-0.001090830782496456,0.004363323129985824,0.009530421794639468
1589985384.3828256,-0.061470564741592786,-4.274264717629204,8.812941129483185,0.42939540786892805,0.2977777777777777,-0.5799510078014751,-0.00046520852685906055,0.0018608341074362422,0.009031441058052373
1589985384.3928256,-0.0630692835981686,-4.249207850794506,8.802277134392673,0.4355555555555555,0.2977777777777777,-0.57,0.007560238795870771,-0.004536143277522463,0.0030996721999527292
1589985384.4028256,-0.04341241567497915,-4.23170620783749,8.657299325399833,0.4355555555555555,0.2977777777777777,-0.57,0.012717732583863403,-0.00835440945387758,-0.0007185939764023876
1589985384.4128256,-0.07376673223624239,-4.221558316940939,8.646883366118121,0.4355555555555555,0.2977777777777777,-0.57,0.006644055974125969,-0.004122422391520575,-0.001090830782496456
1589985384.4228256,-0.08,-4.205534198498205,8.671698702252693,0.4355555555555555,0.2977777777777777,-0.57,0.0015092185195717473,0.0006724430454211651,-0.0018798178610785624
1589985384.4328256,-0.08892599930811082,-4.208925999308111,8.706777997924334,0.4286131116492471,0.2977777777777777,-0.565041111495494,0.0009736754809829358,0.0012079860840099761,-0.00023431060302704036
1589985384.4428256,-0.08226267697559995,-4.2332119690732,8.733211969073201,0.42777777777777776,0.2977777777777777,-0.5644444444444444,-0.0014412022562437863,0.004466874834150112,0.000844011012913414
1589985384.4528255,-0.08867215107567919,-4.231327848924321,8.731327848924321,0.42777777777777776,0.2977777777777777,-0.5644444444444444,-0.01353348077756565,0.015859988190673954,-0.00269310895502779
1589985384.4628255,-0.0716123617693523,-4.239193819115324,8.748387638230648,0.42777777777777776,0.2977777777777777,-0.5644444444444444,-0.015271630954950384,0.015447512340003376,0.0007390680123904696
1589985384.4728255,-0.05878049488005106,-4.217560989760102,8.766829257679923,0.42777777777777776,0.2977777777777777,-0.5644444444444444,-0.012823914645107003,0.012211985567646159,0.0023146889374181462
1589985384.4828255,-0.07554951668794456,-4.212774758343973,8.762966988874703,0.42493894259022835,0.3091331185279753,-0.5644444444444444,-0.009979301182260666,0.007959463757060317,0.002343485704785474
1589985384.4928255,-0.12599470953301456,-4.240663139688676,8.71334215077831,0.4211111111111111,0.3244444444444444,-0.5644444444444444,-0.006981894108401469,0.001964649609341923,0.002253998883543242
1589985384.5028255,-0.124718703502634,-4.25,8.598312221015805,0.4211111111111111,0.3244444444444444,-0.5644444444444444,-0.002953757620114966,-0.005258157936441978,0.000772096055122054
1589985384.5128255,-0.08259163887112662,-4.243765273145188,8.588704180564436,0.4211111111111111,0.3244444444444444,-0.5644444444444444,0.0005387512244816846,-0.00994550068182198,-0.0006801031973686491
1589985384.5228255,-0.04370442234618805,-4.2182725631282505,8.638023014525562,0.4211111111111111,0.3244444444444444,-0.5644444444444444,0.001589137640881597,-0.01259166253157233,-0.001683354706607771
1589985384.5328255,-0.03518936877076412,-4.2,8.70632558139535,0.4211111111111111,0.3146423034330011,-0.5644444444444444,0.0022229754218715155,-0.010825680111207353,-0.0016155892453053823
1589985384.5428255,-0.04,-4.214923297035211,8.792231539623241,0.4211111111111111,0.3055555555555556,-0.5644444444444444,0.003272492347489368,-0.005470887903502216,-0.001090830782496456
1589985384.5528255,-0.05311206991923885,-4.200331895121142,8.764107755282664,0.4211111111111111,0.3055555555555556,-0.5644444444444444,0.0018421873984742116,-0.0029330181809706676,0.0010546266410262782
1589985384.5628254,-0.07657346393588602,-4.165139804096171,8.806293855743544,0.4211111111111111,0.3055555555555556,-0.5644444444444444,-0.00614070707104728,-0.0003737771016069781,0.002181661564992912
1589985384.5728254,-0.08,-4.167123426949049,8.834246853898097,0.4211111111111111,0.3055555555555556,-0.5644444444444444,-0.009189906156052575,0.005439317375020839,-0.004034701149316618
1589985384.5828254,-0.03934095778388002,-4.104945532454208,8.71802287335164,0.4364711937260898,0.3055555555555556,-0.5644444444444444,-0.016026775919531427,-0.005669824973374789,-0.02872105211306203
1589985384.5928254,-0.12436414243209522,-3.9613216239562337,8.621371532776658,0.44,0.3055555555555556,-0.5644444444444444,-0.03336147699803202,-0.025570606295595003,-0.07498987878891392
1589985384.6028254,-0.15782016079158936,-3.013351638837353,8.15558589981447,0.44,0.3055555555555556,-0.5644444444444444,-0.06321170773908596,-0.032249356333008274,-0.1206898685682384
1589985384.6128254,-0.3351732505775019,-3.3204158013860043,9.019659565531885,0.44,0.3055555555555556,-0.5644444444444444,-0.12864309928225268,-0.02317070477489847,-0.15792988356707616
1589985384.6228254,-0.28238149063935003,-3.2247629812787,8.716629989403039,0.44,0.3055555555555556,-0.5644444444444444,-0.10781064783882326,-0.04862835776225644,-0.20134025543876147
1589985384.6328254,-0.20109095207139058,-3.2113332545357838,8.616181667750133,0.43711784830158446,0.30915824517857493,-0.5680471340674638,-0.052016144344755655,-0.039924432425808024,-0.2409215274151451
1589985384.6428254,-0.1358602960079327,-3.2831047779940503,8.789314333982151,0.4355555555555555,0.3111111111111111,-0.57,-0.04619166995947009,0.002220460992546174,-0.22922405344401198
1589985384.6528254,-0.07884567429513736,-3.4157716285243134,8.820639906688655,0.4355555555555555,0.3111111111111111,-0.57,-0.05582809029989926,0.001565763140640046,-0.1593160485708533
1589985384.6628253,-0.17392892468560123,-2.604114737883284,8.732751872262257,0.4355555555555555,0.3111111111111111,-0.57,-0.039203397857219144,-0.0053922677235360705,-0.057419593720099596
1589985384.6728253,-0.28083111488166634,-2.0716660328233334,8.853324459526666,0.4355555555555555,0.3111111111111111,-0.57,-0.057448900096677365,0.011998308908477754,0.11307629181009704
1589985384.6828253,-0.31732622725349136,-2.167914727041896,9.263049090139653,0.4355555555555555,0.3208794141157662,-0.5765122020031034,-0.11500985433331054,-0.03303427302128403,0.36475802593394924
1589985384.6928253,-0.33598533731703034,-2.2399633432925756,8.754564513294333,0.4355555555555555,0.3244444444444444,-0.5788888888888889,-0.08250919259746599,-0.0735036010584332,0.5902064714059743
1589985384.7028253,-0.34,-2.202080458756065,8.474211204234672,0.4355555555555555,0.3244444444444444,-0.5788888888888889,-0.008830869439278542,-0.05305716238714848,0.7302546319588339
1589985384.7128253,-0.319004261208435,-2.3449644899297084,8.655946024693156,0.4355555555555555,0.3244444444444444,-0.5788888888888889,-0.006209833422766181,-0.06271734702665942,0.8757028382294056
1589985384.7228253,-0.316825445045264,-2.426825445045264,8.89285801081475,0.4355555555555555,0.3244444444444444,-0.5788888888888889,-0.051199987558950694,-0.07715465543360375,0.9864405498660466
1589985384.7328253,-0.3372656763507296,-2.43,8.699647692914422,0.4288411258636051,0.31293399354395807,-0.5788888888888889,-0.011624008684099539,-0.08324829915074405,1.1247533684789623
1589985384.7428253,-0.35569094042650384,-2.524145642559023,8.82475487447829,0.42777777777777776,0.3111111111111111,-0.5788888888888889,-0.01525380492397331,-0.08228235416987226,1.2223107624031482
1589985384.7528253,-0.3673266798189625,-2.6159401183706628,8.84069328072415,0.42777777777777776,0.3111111111111111,-0.5788888888888889,-0.0409221933664954,-0.08660760941524612,1.315768216960633
1589985384.7628253,-0.3992512919120298,-2.66925129191203,8.793435885109963,0.42777777777777776,0.3111111111111111,-0.5788888888888889,-0.03393098563076045,-0.08596417765880555,1.4159084498962695
1589985384.7728252,-0.4263775265745062,-2.734591755248354,8.84005093077319,0.42777777777777776,0.3111111111111111,-0.5788888888888889,-0.029552607686816196,-0.08925332673140277,1.4955734482867782
1589985384.7828252,-0.44,-2.7862347514486125,8.902469502897224,0.4402472806750025,0.29102135644336014,-0.5837381400155874,-0.03598410895098938,-0.09884156943342344,1.5894900692325689
1589985384.7928252,-0.4449171931546341,-2.7555796479175614,8.890331227381463,0.4477777777777778,0.2788888888888889,-0.5866666666666667,-0.03926990816987242,-0.10361085868597801,1.6515302833809162
1589985384.8028252,-0.4675148329550432,-2.7340118663640345,8.803443634770835,0.4477777777777778,0.2788888888888889,-0.5866666666666667,-0.037741450654860856,-0.10739455577093,1.706023247763443
1589985384.8128252,-0.5,-2.74408030149297,8.7330656616901,0.4477777777777778,0.2788888888888889,-0.5866666666666667,-0.043589433629652195,-0.12219613233220264,1.7788360508452843
1589985384.8228252,-0.5188063705763274,-2.791120704373064,8.73298407355918,0.4477777777777778,0.2788888888888889,-0.5866666666666667,-0.052807639372210446,-0.13397687908932873,1.8341755449078292
1589985384.8328252,-0.5520806612228639,-2.8640268870742878,8.688053774148576,0.46343789417778664,0.2739671380203147,-0.57995518820952,-0.05410227388699575,-0.13920173954586162,1.8839967429886602
1589985384.8428252,-0.6075126525167719,-2.8840672446937896,8.723445407822982,0.4866666666666667,0.26666666666666666,-0.57,-0.05703120450093528,-0.13925050446839002,1.9342886699992075
1589985384.8528252,-0.676634162349687,-2.926634162349687,8.696731675300626,0.4866666666666667,0.26666666666666666,-0.57,-0.05818118740409685,-0.13272217729242614,1.9841892823224805
1589985384.8628252,-0.7324977616331124,-2.9470829602721853,8.68416592054437,0.4866666666666667,0.26666666666666666,-0.57,-0.0567232006898157,-0.1308996938995747,2.029761669354628
1589985384.8728251,-0.788854343919467,-2.959713585979867,8.782279066808734,0.4866666666666667,0.26666666666666666,-0.57,-0.0599019642683951,-0.13354866354839087,2.066966782455207
1589985384.8828251,-0.8610167164661229,-2.977754179116531,8.841229104417346,0.4866666666666667,0.24598885568925138,-0.5764618159304422,-0.06157648593013387,-0.13593092294839185,2.109976285102139
1589985384.8928251,-0.950883077795468,-2.99,8.820883077795468,0.4866666666666667,0.21333333333333332,-0.5866666666666667,-0.05125974458466684,-0.1441823209780593,2.1686088043736214
1589985384.902825,-1.0144889465271285,-2.9555110534728715,8.815511053472871,0.4866666666666667,0.21333333333333332,-0.5866666666666667,-0.05710137422315095,-0.15354437634672422,2.231771976233316
1589985384.912825,-1.0445904963819883,-2.9691809927639765,8.763523759045029,0.4866666666666667,0.21333333333333332,-0.5866666666666667,-0.05501526143887879,-0.16126427614864716,2.29574382765851
1589985384.922825,-1.05,-2.9227981668749763,8.767160549937508,0.4866666666666667,0.21333333333333332,-0.5866666666666667,-0.05735167919086999,-0.1636246173744684,2.348127845513647
1589985384.932825,-1.05,-2.88,8.784960252333573,0.5032008411119089,0.19624801973991635,-0.5960360321856373,-0.05675788707227277,-0.16524785615479168,2.4272233340585707
1589985384.942825,-1.0760358090406983,-2.865122394833887,8.797438802583056,0.52,0.17888888888888888,-0.6055555555555555,-0.05235987755982988,-0.16689710972195776,2.4805491993969406
1589985384.952825,-1.1105541534072205,-2.822682614579904,8.783236767987125,0.52,0.17888888888888888,-0.6055555555555555,-0.05167295621115367,-0.16844268275647925,2.49514627805631
1589985384.962825,-1.0874339107977133,-2.7793810394358838,8.788143118307653,0.52,0.17888888888888888,-0.6055555555555555,-0.04739803934219591,-0.15696358887203682,2.604392600466844
1589985384.972825,-1.1667793294996676,-2.8612940578179398,8.801603098227908,0.52,0.17888888888888888,-0.6055555555555555,-0.042401240707147875,-0.1497261368224423,2.6632135782829285
1589985384.982825,-1.2792811070492085,-2.952694317377074,8.76916129155741,0.5225615293169411,0.15949445263204903,-0.6062874210746816,-0.04895668678566669,-0.16463702910096056,2.716266505209437
1589985384.992825,-1.3890883224659158,-3.0327208061647895,8.91,0.5277777777777778,0.12,-0.6077777777777778,-0.06822587227012748,-0.178400557234065,2.7820201693920956
1589985385.002825,-1.4088559138161991,-2.9777657868422542,8.803405278946475,0.5277777777777778,0.12,-0.6077777777777778,-0.06157101049887157,-0.18289399918633545,2.8771006303813813
1589985385.012825,-1.52540395480226,-2.9949632768361583,8.805991525423728,0.5277777777777778,0.12,-0.6077777777777778,-0.07591288627737695,-0.196971067879954,2.9657159111467255
1589985385.022825,-1.593604405690684,-2.976395594309316,8.862908367752791,0.5277777777777778,0.12,-0.6077777777777778,-0.08549076296338463,-0.20626850837399546,3.0423390670401558
1589985385.032825,-1.6199452109578085,-2.96,8.80480823835233,0.5324741273967428,0.10673971872292208,-0.6146841742762559,-0.07773812878565815,-0.2037201193279339,3.1057648498482875
1589985385.042825,-1.65,-2.906505156154832,8.7884208094428,0.5466666666666666,0.06666666666666668,-0.6355555555555555,-0.06713087141442715,-0.20810986190538247,3.1941477961142173
1589985385.052825,-1.718118613084,-2.823800533429231,8.68619946657077,0.5466666666666666,0.06666666666666668,-0.6355555555555555,-0.07116568387386375,-0.22050482787124057,3.2569190537198027
1589985385.062825,-1.7920120770720016,-2.7639637687839955,8.71,0.5466666666666666,0.06666666666666668,-0.6355555555555555,-0.07373752608838008,-0.2190342102106228,3.318779142580352
1589985385.072825,-1.835776905666646,-2.7348890134761934,8.75599887871426,0.5466666666666666,0.06666666666666668,-0.6355555555555555,-0.07533996450222173,-0.22323228279211887,3.3685090582858774
1589985385.082825,-1.7759118338958781,-2.6321483072517133,8.882797586171627,0.5395577830054663,0.032376757242053356,-0.6522823406407328,-0.0699185378399235,-0.24001818482083373,3.409585510131857
1589985385.092825,-1.7698635769015139,-2.5170999813119046,8.91723640441039,0.5277777777777778,-0.024444444444444446,-0.68,-0.07851898230760669,-0.23112325287410546,3.449195029092572
1589985385.102825,-2.051828533629427,-2.611472512934395,8.937362564671973,0.5277777777777778,-0.024444444444444446,-0.68,-0.1180091865865981,-0.2152925883057635,3.474899711392462
1589985385.112825,-2.1,-2.571236821165705,8.860239705589814,0.5277777777777778,-0.024444444444444446,-0.68,-0.09904806433439996,-0.22366528249843992,3.4897214137292183
1589985385.122825,-2.127669019793953,-2.5067971762472565,8.814270431670325,0.5277777777777778,-0.024444444444444446,-0.68,-0.08738292055772993,-0.2303768564425914,3.4944181827483902
1589985385.132825,-2.174639765784114,-2.455360234215886,8.886959648676171,0.5277777777777778,-0.06961734838198687,-0.6936887587689522,-0.0944048017551462,-0.22730304455494582,3.4858676518389045
1589985385.142825,-2.202708594763596,-2.370102728800221,8.821039836654826,0.5277777777777778,-0.09777777777777777,-0.7022222222222222,-0.08639128300983769,-0.21866606357269977,3.4614329300276254
1589985385.1528249,-2.1978825483681845,-2.305765096736369,8.729608494560615,0.5277777777777778,-0.09777777777777777,-0.7022222222222222,-0.08315547092101362,-0.21707532571679475,3.4229803805958046
1589985385.1628249,-2.2071159103335156,-2.232454893384363,8.720060142154182,0.5277777777777778,-0.09777777777777777,-0.7022222222222222,-0.08699211478126466,-0.21730285548361947,3.3656015240096564
1589985385.1728249,-2.2924873773074284,-2.01557135355657,8.800546108171426,0.5277777777777778,-0.09777777777777777,-0.7022222222222222,-0.07417098552111288,-0.2038386755628137,3.257871505024843
1589985385.1828249,-2.319976489533011,-1.8927400966183574,8.719063123993559,0.506070817677581,-0.13866763285024153,-0.7148425478618715,-0.07674899189086377,-0.19584881263219872,3.151136878399531
1589985385.1928248,-2.4556048387096774,-1.721391129032258,8.827802419354839,0.48,-0.18777777777777774,-0.73,-0.08613164670502259,-0.19941420354171854,3.012258829684447
1589985385.2028248,-2.5268791655164256,-1.575490002760579,8.806993335173718,0.48,-0.18777777777777774,-0.73,-0.07762542766216651,-0.1830260432461782,2.8961038251997753
1589985385.2128248,-2.5412254146005835,-1.4673524876035018,8.809485634297372,0.48,-0.18777777777777774,-0.73,-0.07930719453452531,-0.17296351502407012,2.776682517778592
1589985385.2228248,-2.5626098974587603,-1.3836950512706196,8.912991083370486,0.48,-0.18777777777777774,-0.73,-0.08237532910493199,-0.16390294214344867,2.6495193252996696
1589985385.2328248,-2.6162852469072693,-1.3065754012882118,8.952288518556385,0.4590491769757693,-0.20628433811584818,-0.7411737722795897,-0.07252486767143951,-0.14854021540608944,2.5352182344578185
1589985385.2428248,-2.633467519076098,-1.1761299236956073,8.88733759538049,0.4133333333333333,-0.2466666666666667,-0.7655555555555555,-0.06767542069641427,-0.1384037728321479,2.4143628335810177
1589985385.2528248,-2.6448406237831223,-1.1257968810843888,8.852231267036288,0.4133333333333333,-0.2466666666666667,-0.7655555555555555,-0.06189271793610187,-0.12142992182384277,2.297165898369094
1589985385.2628248,-2.627171452593455,-1.0954342905186911,8.802828547406545,0.4133333333333333,-0.2466666666666667,-0.7655555555555555,-0.049964416830022874,-0.10569153423060902,2.209354994445243
1589985385.2728248,-2.612464093876539,-1.1107734897942318,8.846618791835386,0.4133333333333333,-0.2466666666666667,-0.7655555555555555,-0.046721307349948116,-0.09854360301948001,2.128673691256788
1589985385.2828248,-2.6072596634135095,-1.1349465918696688,8.87,0.39508491508491506,-0.26912625835702764,-0.7675207698284621,-0.04634283048631912,-0.09461500557341733,2.0587158909549172
1589985385.2928247,-2.529531079099858,-1.140937841800284,8.880468920900142,0.3411111111111111,-0.33555555555555555,-0.7733333333333333,-0.044877516088083935,-0.07512219635772212,1.948308234358697
1589985385.3028247,-2.5271785696369746,-1.1133392973596643,8.818214303630253,0.3411111111111111,-0.33555555555555555,-0.7733333333333333,-0.04368972182597551,-0.05991193310965557,1.8680944742966379
1589985385.3128247,-2.5426520027954536,-1.0180659874204583,8.71519402655681,0.3411111111111111,-0.33555555555555555,-0.7733333333333333,-0.03831172485002108,-0.05723545421540265,1.785773968907774
1589985385.3228247,-2.5513823745678126,-0.8969118728390619,8.88,0.3411111111111111,-0.33555555555555555,-0.7733333333333333,-0.05251067123298087,-0.058464239592168774,1.6528963995061996
1589985385.3328247,-2.5316966786088644,-0.7984833930443218,8.88,0.3411111111111111,-0.33555555555555555,-0.7733333333333333,-0.05036329492029222,-0.06991691325984165,1.5763066443536373
1589985385.3428247,-2.5778562628336754,-0.6842874743326488,8.942246406570842,0.2911111111111111,-0.38222222222222224,-0.7511111111111111,-0.04604873831391199,-0.06346843234979482,1.4193836384269387
1589985385.3528247,-2.6446398501259716,-0.5802881198992227,8.845360149874027,0.2911111111111111,-0.38222222222222224,-0.7511111111111111,-0.04306424415447587,-0.06710966487766618,1.2978620980398712
1589985385.3628247,-2.682090867249655,-0.5317879764174721,8.811939421833564,0.2911111111111111,-0.38222222222222224,-0.7511111111111111,-0.04032769868802078,-0.06061384721602005,1.1882024736738745
1589985385.3728247,-2.6662404150787458,-0.4866240415078745,8.854015335874008,0.2911111111111111,-0.38222222222222224,-0.7511111111111111,-0.03455227414611828,-0.05271418845359818,1.0739382568363698
1589985385.3828247,-2.607924368391315,-0.47735854386956167,8.94679271934781,0.2567721814154133,-0.3910270759903499,-0.749937130608694,-0.03196348150160855,-0.04954021778271579,0.9590055685573129
1589985385.3928246,-2.6260899518115295,-0.46217990362305905,8.90608995181153,0.16111111111111112,-0.4155555555555556,-0.7466666666666667,-0.01965948463617564,-0.04195168148108643,0.8437763975482676
1589985385.4028246,-2.6132332505790026,-0.43969975173700787,8.893233250579003,0.16111111111111112,-0.4155555555555556,-0.7466666666666667,-0.011392008769939788,-0.03195403361354098,0.70088530469679
1589985385.4128246,-2.6219400211347157,-0.4619400211347156,8.901455015851036,0.16111111111111112,-0.4155555555555556,-0.7466666666666667,-0.0035370216940445523,-0.034165902869532076,0.6068569130536169
1589985385.4228246,-2.66,-0.4868959523218277,8.933276011919542,0.16111111111111112,-0.4155555555555556,-0.7466666666666667,-0.009084003724537939,-0.01749080929753847,0.44039265767557034
1589985385.4328246,-2.6687260303487337,-0.46581735356582227,8.934182646434177,0.16208067003874815,-0.4165251144831927,-0.7233972524033776,-0.012990351213600336,-0.011503532304391354,0.3057757931403108
1589985385.4428246,-2.723884208639541,-0.4418802652805162,8.92,0.16444444444444445,-0.4188888888888889,-0.6666666666666666,-0.017491615307785077,-0.00809783970028199,0.14052125546542307
1589985385.4528246,-2.7415981883695326,-0.37782779501551395,8.834794565108599,0.16444444444444445,-0.4188888888888889,-0.6666666666666666,-0.007778843034783805,0.00012523099865112929,-0.004560395451315626
1589985385.4628246,-2.633956876315853,-0.3511942501754471,8.696791375263171,0.16444444444444445,-0.4188888888888889,-0.6666666666666666,-0.0048027914857925414,0.015491365132853742,-0.1642822096505076
1589985385.4728246,-2.581617953924795,-0.3716179539247952,8.835454940130242,0.16444444444444445,-0.4188888888888889,-0.6666666666666666,-0.006884493459213751,0.015095139560367628,-0.29520513144983945
1589985385.4828246,-2.652105454800084,-0.44210545480008406,9.182018486100413,0.16444444444444445,-0.4188888888888889,-0.6666666666666666,0.0020859990433208606,0.007406145986766534,-0.3842693070107188
1589985385.4928246,-2.6604492035287883,-0.41,8.878808566351818,0.2,-0.4088888888888889,-0.6355555555555555,0.02085575011730646,0.04742558464684278,-0.594019096263236
1589985385.5028245,-2.693500451139618,-0.4327484210113373,8.972748421011337,0.2,-0.4088888888888889,-0.6355555555555555,0.015925932577655292,0.026288332894389206,-0.7753589769562075
1589985385.5128245,-2.686964589654407,-0.49114334344705096,9.028357507585287,0.2,-0.4088888888888889,-0.6355555555555555,0.022576334528177457,0.049336824057742285,-0.9015997944185422
1589985385.5228245,-2.7257633390068823,-0.5532213424110116,9.074916006808259,0.2,-0.4088888888888889,-0.6355555555555555,0.026808621539781915,0.06288014249487656,-1.0141786289272208
1589985385.5328245,-2.7459677483025424,-0.5606926022422233,8.869857689878414,0.2101834307068793,-0.4058338596768251,-0.6355555555555555,0.02802834835431334,0.07341891441785706,-1.1928048366146582
1589985385.5428245,-2.8867049581556925,-0.6186432180641086,8.977480262119059,0.2653744933943892,-0.3892765408705721,-0.6355555555555555,0.026222225051366524,0.07522503772080388,-1.3020752964429407
1589985385.5528245,-2.8660512957076043,-0.7069122713579549,8.994445350598339,0.26666666666666666,-0.3888888888888889,-0.6355555555555555,0.030395168327808936,0.06730823349666978,-1.4608770835315426
1589985385.5628245,-2.733415275535509,-0.7976632325283358,8.931617762095767,0.26666666666666666,-0.3888888888888889,-0.6355555555555555,0.02734920088209225,0.07187718466524479,-1.5446411882887514
1589985385.5728245,-2.7,-0.8318443006178837,8.867038924845529,0.26666666666666666,-0.3888888888888889,-0.6355555555555555,0.035753773414059546,0.08350668543558011,-1.697755281741588
1589985385.5828245,-2.698796013829571,-0.8708358755338621,8.867223917022574,0.27215149255417714,-0.38808623144193616,-0.6339502406616501,0.039835400881807224,0.09350862361804123,-1.793591803192165
1589985385.5928245,-2.5013488204140586,-0.95,8.804499277804526,0.31222222222222223,-0.38222222222222224,-0.6222222222222222,0.04145705802647682,0.09674576634374958,-1.9369339152777483
1589985385.6028244,-2.310900345708703,-1.0116113031715015,8.808941329725938,0.31222222222222223,-0.38222222222222224,-0.6222222222222222,0.0394250150269657,0.10212966735908612,-2.0362915162595443
1589985385.6128244,-2.5294074514130527,-1.1156335398455401,9.01746584061784,0.31222222222222223,-0.38222222222222224,-0.6222222222222222,0.03764111441724213,0.12313162340590038,-2.113700909421857
1589985385.6228244,-2.6651457889424695,-1.1559582819333856,8.888395760906135,0.31222222222222223,-0.38222222222222224,-0.6222222222222222,0.0673065346475938,0.1397445124748869,-2.1630333387227747
1589985385.6328244,-2.8140966692833915,-1.3284277223281373,9.131420881462375,0.31222222222222223,-0.38222222222222224,-0.6222222222222222,0.05789978591646715,0.14316514837711472,-2.2237496259873186
1589985385.6428244,-2.7498485393699497,-1.3908740881284962,8.80406751938238,0.3644444444444445,-0.3644444444444445,-0.65,0.06291983607344208,0.14625015128648344,-2.3362480129064145
1589985385.6528244,-2.525303800941266,-1.467793512441171,8.817510288500094,0.3644444444444445,-0.3644444444444445,-0.65,0.04731534634141424,0.13779799054227676,-2.4444446412141807
1589985385.6628244,-2.3687881413293623,-1.5611024773250304,8.65936672532828,0.3644444444444445,-0.3644444444444445,-0.65,0.046767564546209964,0.13711717832253226,-2.530445131362561
1589985385.6728244,-2.472389581878056,-1.7639826364634268,8.803982636463427,0.3644444444444445,-0.3644444444444445,-0.65,0.0685035417847712,0.16388212354142517,-2.6169354423033866
1589985385.6828244,-2.5264704620226004,-1.86,8.871763696180805,0.37385654571750987,-0.3562088558305123,-0.6488234873408668,0.0718023252110792,0.1831952466145921,-2.700063603083166
1589985385.6928244,-2.511471534830496,-1.86,8.751772278643971,0.4138536848964542,-0.32121135904893594,-0.6438238449434988,0.07098426063680069,0.16437976140618624,-2.7892326416795243
1589985385.7028244,-2.333310822392102,-1.6679138527990127,8.744603030406912,0.4177777777777778,-0.31777777777777777,-0.6433333333333333,0.05604051061471897,0.1778054175469223,-2.9495023112838803
1589985385.7128243,-2.2757975386514,-1.660724692331425,8.794927153680025,0.4177777777777778,-0.31777777777777777,-0.6433333333333333,0.05368786335321359,0.1778054175469223,-3.031844965436568
1589985385.7228243,-2.3299731534539547,-1.8155078283625863,8.871230429093535,0.4177777777777778,-0.31777777777777777,-0.6433333333333333,0.06616730579184173,0.21477115917424308,-3.1352721793227514
1589985385.7328243,-2.4072519133480346,-2.065699831365936,8.630101829031004,0.43362455139015005,-0.32261238667646763,-0.6468249953157205,0.08635604552168014,0.21684772144728565,-3.1977746131662284
1589985385.7428243,-2.417482465605611,-2.4787763015915836,8.821835547612624,0.4833333333333333,-0.3377777777777778,-0.6577777777777778,0.07698178879491095,0.2185151701181109,-3.2634472909020187
1589985385.7528243,-2.3869954268841598,-2.524292247308343,8.760858449461669,0.4833333333333333,-0.3377777777777778,-0.6577777777777778,0.09215876265339536,0.23022606048144242,-3.300872880549596
1589985385.7628243,-2.3386858016540413,-2.6173305997637084,8.769322399054833,0.4833333333333333,-0.3377777777777778,-0.6577777777777778,0.07846590154282121,0.20987852622802183,-3.358968111287122
1589985385.7728243,-2.38969716450066,-2.6100432622141914,8.740173048856766,0.4833333333333333,-0.3377777777777778,-0.6577777777777778,0.07528620069423904,0.2170328531373317,-3.383610792863634
1589985385.7828243,-2.2018455711457348,-2.6836911422914693,8.839470603426014,0.5048308513385555,-0.3655636854035752,-0.6530980459671172,0.08442468737362774,0.22499828594187032,-3.3966754083621735
1589985385.7928243,-2.294720933750126,-2.8488325602500755,8.77,0.6466666666666666,-0.5488888888888889,-0.6222222222222222,0.08437601401700534,0.22753512466653195,-3.413790957527536
1589985385.8028243,-2.276866644102217,-2.8611444406837028,8.778855559316296,0.6466666666666666,-0.5488888888888889,-0.6222222222222222,0.07551700221756033,0.22843046987769305,-3.4246369815902855
1589985385.8128242,-2.103729847248496,-2.8473058135923424,8.743988762458708,0.6466666666666666,-0.5488888888888889,-0.6222222222222222,0.07701387906984607,0.22503327460913086,-3.42715291499341
1589985385.8228242,-1.9720547400246649,-2.9302737001233243,8.63328738512949,0.6466666666666666,-0.5488888888888889,-0.6222222222222222,0.09139072033682435,0.22385937580465143,-3.4197395751004045
1589985385.8328242,-1.9791553549918197,-3.067547688822567,8.782452311177433,0.7106992362996389,-0.5698697734069266,-0.6276718026165178,0.08072147790473774,0.23305733715040577,-3.411984934822884
1589985385.8428242,-1.8509607881915104,-3.052465975081354,8.797534024918646,1.1044995395424189,-0.6989022131928588,-0.6611867220414351,0.08072147790473774,0.22400895846946267,-3.4111623549427983
1589985385.8528242,-1.8781110624146022,-3.183175384774034,8.74695325994483,1.1688888888888889,-0.72,-0.6666666666666666,0.07691058664696725,0.21898077134568,-3.4055175711061985
1589985385.8628242,-2.0017489149654395,-3.34260729786208,8.63564378717248,1.1688888888888889,-0.72,-0.6666666666666666,0.07853981633974483,0.21674409611574413,-3.3887863765667556
1589985385.8728242,-1.9347568474007826,-3.3542342090553383,8.691855785354946,1.1688888888888889,-0.72,-0.6666666666666666,0.07826268800511954,0.21289675480989242,-3.3763630350491467
1589985385.8828242,-1.8106365698878768,-3.388712063920034,8.788393778976095,1.1688888888888889,-0.72,-0.6666666666666666,0.07600611768106821,0.2144011350259267,-3.3605670427807874
1589985385.8928242,-1.7918332312676557,-3.5164990814089014,8.713666462535313,0.6555555555555556,-0.13444444444444445,-0.6855555555555556,0.07863980359465451,0.21163020082582265,-3.3238252654355707
1589985385.9028242,-1.8084046146856048,-3.665641532170443,8.746809229371209,0.6555555555555556,-0.13444444444444445,-0.6855555555555556,0.07954363235169704,0.2215723171532902,-3.284960628882743
1589985385.9128242,-1.660201025364274,-3.688000539665407,8.74419994603346,0.6555555555555556,-0.13444444444444445,-0.6855555555555556,0.07078398298543129,0.2171953435936331,-3.225215900320554
1589985385.9228241,-1.391408189422558,-3.5465306260118723,8.758346937398812,0.6555555555555556,-0.13444444444444445,-0.6855555555555556,0.0777283711328989,0.21025095544616548,-3.183549571435749
1589985385.9328241,-1.4332865213882162,-3.8034269572235675,8.625337099811675,0.6484956207216094,-0.11083017965503841,-0.6873814007712313,0.08438311246842037,0.20180369476184434,-3.082317020387821
1589985385.9428241,-1.4250127897471059,-3.705682867013001,8.777989768202316,0.5911111111111111,0.0811111111111111,-0.7022222222222222,0.06828656504227187,0.19696944547642356,-2.9973920788976804
1589985385.952824,-1.2986454288739853,-3.5628386427815038,8.762131574302858,0.5911111111111111,0.0811111111111111,-0.7022222222222222,0.06884184745263054,0.1847936846063024,-2.90211729776269
1589985385.962824,-1.2723465650366264,-3.6075450405860225,8.569783211245298,0.5911111111111111,0.0811111111111111,-0.7022222222222222,0.07957552248212404,0.18981638014672975,-2.8056089439101526
1589985385.972824,-1.255350459685949,-3.768094744121715,8.78742352127573,0.5911111111111111,0.0811111111111111,-0.7022222222222222,0.06970010210996597,0.1748904338724125,-2.715741160077424
1589985385.982824,-1.148154366960054,-3.9321259309410967,8.64257007447529,0.584543143007598,0.09010637177461822,-0.7049350786128037,0.07294548660971494,0.17137003291160674,-2.6233003229286886
1589985385.992824,-1.0,-4.15,8.66,0.54,0.1511111111111111,-0.7233333333333334,0.07199483164476607,0.16471544815696484,-2.5187282767843167
1589985386.002824,-0.9552294841987428,-4.177981572375786,8.615229484198743,0.54,0.1511111111111111,-0.7233333333333334,0.07382622127417567,0.1604422056883425,-2.439368059509902
1589985386.012824,-0.9563094507355275,-4.28015853529474,8.748313260662504,0.54,0.1511111111111111,-0.7233333333333334,0.05064788854807102,0.14153961740840554,-2.22518205363829
1589985386.022824,-0.9030428616784845,-4.138114297809292,8.579635728648535,0.54,0.1511111111111111,-0.7233333333333334,0.057426785967305695,0.13766596174027143,-2.0818567939173285
1589985386.032824,-0.8801766111380307,-3.984628481678892,8.642685759160553,0.54,0.1511111111111111,-0.7233333333333334,0.05276844015603768,0.13167828851881117,-1.9799654787949512
1589985386.042824,-0.87,-3.89313644510247,8.814908439180238,0.4931567919513062,0.16984839433058868,-0.6793007177675611,0.05109798023406419,0.11860062570308237,-1.8224093713331844
1589985386.052824,-0.7988859714928732,-3.810984412769859,8.721476619154789,0.4844444444444445,0.17333333333333334,-0.6711111111111111,0.04954519408038,0.11154733563626049,-1.705516701654753
1589985386.062824,5.264352287302266,-9.816191830828428,-4.446254152004473,0.4844444444444445,0.17333333333333334,-0.6711111111111111,-0.15550813967318686,0.14806577652559005,-2.4157107945445935
1589985386.072824,-1.191175716117998,-11.312825994014537,-4.487635741769988,0.4844444444444445,0.17333333333333334,-0.6711111111111111,-1.4803762952549318,0.4565245748154908,-8.056745110587705
1589985386.082824,-4.8891499485140075,0.24929233391329048,6.3750113624258775,0.4815018720385692,0.18097369677314995,-0.6704916221835584,-3.8866151465550356,1.7936807147244263,-15.135449119335357
1589985386.092824,-0.22765827504172176,0.39822178035010475,1.0061048183787236,0.4343408806669113,0.3034267971767528,-0.6605629924211042,-4.865417514730476,0.6629812155541248,-4.630990841123911
1589985386.102824,-0.9901873545943052,-1.757033209116551,10.437477713038644,0.4211111111111111,0.3377777777777778,-0.6577777777777778,-4.720998775178534,-0.08163668338161723,-0.837435963910238
1589985386.112824,1.6436095612608348,-1.9815536019435465,11.326923884622511,0.4211111111111111,0.3377777777777778,-0.6577777777777778,-4.101178577823244,-0.5394370115194145,-0.5887543041810643
1589985386.122824,-0.0655375754251234,-0.6817588746963403,5.163719927905337,0.4211111111111111,0.3377777777777778,-0.6577777777777778,-1.735794847292292,-0.012769798032239385,-0.20551624642038238
1589985386.132824,1.0131775611620795,-1.449364487767584,7.777121559633027,0.41929872437422133,0.342320513365047,-0.6558947785706196,-0.5382227952735159,-0.10291258015453193,0.023928258610604675
1589985386.142824,1.2243473471635762,-1.5409730126675234,6.843546906554066,0.33555555555555555,0.5522222222222222,-0.5688888888888889,1.3150156333847958,-0.07234008449386173,0.3153844723953871
1589985386.152824,1.41,-1.89,7.2,0.33555555555555555,0.5522222222222222,-0.5688888888888889,2.3583761517573376,-0.07963064712224129,0.4385139745635753
1589985386.162824,1.1952464020933276,-2.0954164849542085,6.443693850850414,0.33555555555555555,0.5522222222222222,-0.5688888888888889,3.5734717319808964,-0.06537135280276951,0.5149030512750311
1589985386.172824,0.8083176787873152,-2.5374346693945875,6.6501776248488795,0.33555555555555555,0.5522222222222222,-0.5688888888888889,4.7828130481648445,-0.03699164625031499,0.580129054550868
1589985386.182824,1.6334153853443578,-4.973728825605914,15.304092255206236,0.33579273509335816,0.5521985042684419,-0.5692683761493731,5.9970331202229366,-0.006992853572721956,0.6666247325721332
1589985386.192824,1.7600267958363394,-0.5467803772029269,3.9489807276100177,0.3466666666666667,0.5511111111111111,-0.5866666666666667,5.529505103295492,0.22324335940551657,0.8256132034222571
1589985386.2028239,-0.21976234154385255,0.3264017314232711,-1.402501700504999,0.3466666666666667,0.5511111111111111,-0.5866666666666667,2.1486232089485453,0.27039652390128993,1.0321440639137442
1589985386.2128239,0.23721338556662103,0.18450637969824263,-0.7399045011878354,0.3466666666666667,0.5511111111111111,-0.5866666666666667,0.4435582324327426,-0.3125230277662102,1.1945847659722741
1589985386.2228239,-0.020142068249398237,-0.08604678969808532,0.3819013231384025,0.3466666666666667,0.5511111111111111,-0.5866666666666667,-0.4519024760952788,-0.08649837947215977,1.306877266398618
1589985386.2328238,1.5229676920100599,-7.837123234668215,26.296404849422842,0.3466666666666667,0.5511111111111111,-0.5866666666666667,-2.010749899731064,-0.1069165407330332,1.4353283261514718
1589985386.2428238,0.6335902830151233,-1.8884583019092605,8.896145754773151,0.3555555555555556,0.4222222222222222,-0.6944444444444444,-1.3850554865939229,-0.2749690272815847,1.5532843858291592
1589985386.2528238,0.5172060301507538,-2.5801155778894476,10.67087688442211,0.3555555555555556,0.4222222222222222,-0.6944444444444444,-0.3275276980843681,-0.19242775751600985,1.6218491259623329
1589985386.2628238,0.15588801148600145,-4.642639267767409,16.549822146446516,0.3555555555555556,0.4222222222222222,-0.6944444444444444,0.6709522383919888,-0.04380533276089424,1.670295109722288
1589985386.2728238,0.3272641937925814,-0.43279825889477663,-1.2193936411809234,0.3555555555555556,0.4222222222222222,-0.6944444444444444,1.2381935571575857,0.38665211369180263,1.8113036225724606
1589985386.2828238,2.454577592732778,-5.568513815291445,8.290014761544283,0.3555555555555556,0.4222222222222222,-0.6944444444444444,0.04588679603698265,-0.34241273225122404,1.6693004934339135
1589985386.2928238,2.1571109221435463,-8.953723896583867,8.58544946116989,0.4177777777777778,0.4244444444444445,-0.6711111111111111,-1.1057618086704382,-0.23146272925015646,0.702550322703302
1589985386.3028238,-1.094018576965217,-1.4637799872446902,6.171108567316969,0.4177777777777778,0.4244444444444445,-0.6711111111111111,-0.9710871706130915,-0.1454205993801851,-1.6669751146723442
1589985386.3128238,-1.6147929658268896,-5.338983537041656,11.258951110002496,0.4177777777777778,0.4244444444444445,-0.6711111111111111,0.41570897207966806,0.33511878024441255,-2.560342695664436
1589985386.3228238,-2.6806306123721626,-5.0447338800199555,3.2357437952107766,0.4177777777777778,0.4244444444444445,-0.6711111111111111,1.076920734333358,0.6132984860469359,-2.2215340796229013
1589985386.3328238,-0.1372555746140649,-0.9212264150943392,8.60467409948542,0.4177777777777778,0.4244444444444445,-0.6711111111111111,0.30137053740295316,0.5198529038546317,-0.06845009936785429
1589985386.3428237,-0.3696676212973222,-1.5043259401718334,8.382198925517905,0.4177777777777778,0.4199568674178286,-0.6711111111111111,-0.016043993967554376,-0.2755451052672108,0.8575788857238814
1589985386.3528237,0.20660342894346584,-2.0916511737259014,8.55786504864904,0.4177777777777778,0.4188888888888889,-0.6711111111111111,-0.2049493963284334,-0.5703564615889052,0.8340721321472793
1589985386.3628237,0.5601636566814462,-4.039987022818211,10.411207959338164,0.4177777777777778,0.4188888888888889,-0.6711111111111111,-0.24681197604667496,-0.14653871002452135,0.11043559674554515
1589985386.3728237,-0.784355105187796,-5.129834783566473,7.413097257407204,0.4177777777777778,0.4188888888888889,-0.6711111111111111,0.18225536794799307,0.37436389712640467,-0.38669500681570695
1589985386.3828237,0.2966738627602159,-4.279794911333848,8.808271395528143,0.4177777777777778,0.4188888888888889,-0.6711111111111111,0.13992440525539582,0.10727568013739824,-0.36351376534118945
1589985386.3928237,0.30614154806005067,-4.22468512380581,8.73946870735036,0.4,0.4188888888888889,-0.6855555555555556,-0.008881263920114934,-0.06941375884765613,0.03175648947838411
1589985386.4028237,-0.08638409046597773,-4.40459270813024,9.172882433222851,0.4,0.4188888888888889,-0.6855555555555556,-0.03385837513647226,-0.04265256825870184,0.03264852916468258
1589985386.4128237,-0.07582445429937223,-4.3831870452494766,8.819782679644455,0.4,0.4188888888888889,-0.6855555555555556,-0.01431279553466236,-0.006629107393692248,0.003008962339869043
1589985386.4228237,-0.004987754172125079,-4.481204078145469,8.616867346357578,0.4,0.4188888888888889,-0.6855555555555556,-0.020042345862621987,-0.003272492347489368,-0.0021133176645118444
1589985386.4328237,0.05871789030016517,-4.242307911374381,8.577051318562397,0.4,0.4188888888888889,-0.6855555555555556,-0.011355836111478314,-0.003272492347489368,-0.001244666689397477
1589985386.4428236,0.012887154326494201,-4.39518807612251,8.690210080285459,0.4266666666666667,0.43666666666666665,-0.6711111111111111,-0.0031445962494999675,0.001446802308589449,-0.001866721883677142
1589985386.4528236,0.0315950044603033,-4.364008325899494,8.821165031222124,0.4266666666666667,0.43666666666666665,-0.6711111111111111,0.011820609537378929,-0.003314854078144746,0.00017398799635179882
1589985386.4628236,0.031397981603545226,-4.33279596320709,8.639143484899266,0.4266666666666667,0.43666666666666665,-0.6711111111111111,0.0054074382606046165,0.002990857900126021,0.0001524961366510891
1589985386.4728236,0.021970015559947854,-4.281820093359687,8.656209891080366,0.4266666666666667,0.43666666666666665,-0.6711111111111111,-0.0011071847575988567,-1.6353975102400935e-05,0.0
1589985386.4828236,0.012317815197396349,-4.41596151124947,8.531720673553135,0.4266666666666667,0.43666666666666665,-0.6711111111111111,-0.013913610688302042,0.0005851619494048484,-0.0016759927319013044
1589985386.4928236,0.01,-4.428231907569343,8.610718751236497,0.4125475144752635,0.4289011329613949,-0.6626396197962692,-0.00220570274513973,-0.0002953137424856864,-0.002181661564992912
1589985386.5028236,-0.02313416009019166,-4.285746899661781,8.64686583990981,0.4044444444444445,0.4244444444444445,-0.6577777777777778,0.0020270144726604097,0.00342713943982187,-0.002181661564992912
1589985386.5128236,0.07007632463739663,-4.169021523056912,8.77646771541463,0.4044444444444445,0.4244444444444445,-0.6577777777777778,0.0090302006380296,0.0013860594341608954,0.0017880233627736593
1589985386.5228236,-0.019274782798356902,-4.429274782798356,8.590435130320985,0.4044444444444445,0.4244444444444445,-0.6577777777777778,-0.008774111614824541,0.002134196210140018,-3.164356990192925e-05
1589985386.5328236,0.018842742375222658,-4.391157257624777,8.613305645425132,0.4044444444444445,0.4244444444444445,-0.6577777777777778,-0.01126889780353999,-0.0003605899785754309,-0.001694834362378895
1589985386.5428236,-0.025780633030397994,-4.4264838608586645,8.601406455656534,0.41787311535916993,0.4244444444444445,-0.6701734740067551,-0.011999138607461015,-7.671025621817755e-05,-0.002181661564992912
1589985386.5528235,0.02458086184546491,-4.235068350551911,8.740350787602624,0.4188888888888889,0.4244444444444445,-0.6711111111111111,0.0041613071137985465,-0.0008505497748031349,-0.0004805620153866422
1589985386.5628235,-0.013992444431428823,-4.260988666647143,8.699011333352857,0.4188888888888889,0.4244444444444445,-0.6711111111111111,0.0038185945593023213,0.0028356105780390052,0.0
1589985386.5728235,0.017100812820216495,-4.255159674871913,8.682579837435956,0.4188888888888889,0.4244444444444445,-0.6711111111111111,0.00489132069468662,0.0008442498266934893,-0.0016188283471972522
1589985386.5828235,0.023681892621608462,-4.363725932811048,8.648409463108043,0.4188888888888889,0.4244444444444445,-0.6711111111111111,-0.004194626509172183,0.0006891986015467472,-0.0008032643618994175
1589985386.5928235,-0.006187650914108313,-4.316520179372197,8.673646084856847,0.4062800199302442,0.42929400942853857,-0.6788704150856618,-0.006008637610683997,0.001090830782496456,0.0
1589985386.6028235,-0.00335573616755236,-4.32657705532979,8.693288527664894,0.4044444444444445,0.43,-0.68,-0.0025550469062975752,0.001090830782496456,-0.0028991070061847044
1589985386.6128235,0.0,-4.269320782720775,8.629320782720773,0.4044444444444445,0.43,-0.68,0.005655337482960281,0.001090830782496456,0.00045536848819755903
1589985386.6228235,0.03566214329847365,-4.251084464175381,8.67349321494771,0.4044444444444445,0.43,-0.68,0.0007097801430125221,-0.0018267714934866507,0.001090830782496456
1589985386.6328235,0.03271295661541475,-4.286435216922926,8.658138869846244,0.4044444444444445,0.43,-0.68,-0.003974465618646376,-0.0037714478124514623,-0.0004989554649620944
1589985386.6428235,0.03850267865250159,-4.359518750567511,8.675508035957504,0.4110576389519457,0.41488412683999715,-0.6724420634199986,-0.013801639159524079,-0.0006533296868561356,-0.0001633324217140339
1589985386.6528234,-0.0033269311847097943,-4.344003841289174,8.662669227526116,0.4122222222222222,0.4122222222222222,-0.6711111111111111,-0.0020381728856819995,-0.0009452470049477416,-0.0009452470049477416
1589985386.6628234,0.024784903668514123,-4.261733966745843,8.625215096331486,0.4122222222222222,0.4122222222222222,-0.6711111111111111,0.00379444436877891,0.000806391401892999,-0.001090830782496456
1589985386.6728234,-0.004312969924812032,-4.301469454887218,8.662891212406015,0.4122222222222222,0.4122222222222222,-0.6711111111111111,0.008106287513271832,0.001090830782496456,-0.001090830782496456
1589985386.6828234,0.010616527533123992,-4.29625564831125,8.690616527533123,0.4122222222222222,0.4122222222222222,-0.6711111111111111,0.00048062721082194407,-0.0004084454082580358,-0.001090830782496456
1589985386.6928234,-0.00359294861951414,-4.376507478271552,8.684271367586991,0.4270770417233978,0.4218341642523947,-0.6676158594637757,-0.0041303561676234776,0.0014827606779058736,-0.002806558422764676
1589985386.7028234,-0.01,-4.3585569330385345,8.659278466519268,0.4311111111111111,0.4244444444444445,-0.6666666666666666,-0.008884060446248674,0.002181661564992912,-0.00025866746998080056
1589985386.7128234,-0.01,-4.365887684729064,8.624112315270935,0.4311111111111111,0.4244444444444445,-0.6666666666666666,0.00038732553104603093,0.0031229643446604614,0.0001495280028289066
1589985386.7228234,-0.0025585656585558076,-4.28070278790267,8.694414343414442,0.4311111111111111,0.4244444444444445,-0.6666666666666666,0.0054285998232223385,0.003272492347489368,-0.0016234691291147137
1589985386.7328234,0.011844807133799649,-4.2736896142675995,8.7259224035669,0.4311111111111111,0.4244444444444445,-0.6666666666666666,0.0026687806246940534,0.001334390312347027,-0.002181661564992912
1589985386.7428234,0.02,-4.282096965343868,8.73,0.4100363520280921,0.4244444444444445,-0.6534949422397798,-0.008620873478045254,0.0,-0.00045748686938386135
1589985386.7528234,0.013876318735370943,-4.341236812646291,8.681010549882968,0.4044444444444445,0.4244444444444445,-0.65,-0.0089043378172683,0.0,-0.0006679900025654201
1589985386.7628233,-0.013161577350859455,-4.34911789686552,8.565074216380182,0.4044444444444445,0.4244444444444445,-0.65,-0.004267100604743164,-0.0008421787181830071,-0.004459545655228484
1589985386.7728233,0.010306343906510855,-4.28544858096828,8.62485776293823,0.4044444444444445,0.4244444444444445,-0.65,0.0020169625066139805,0.0015538966445552184,-0.0028094264854306053
1589985386.7828233,0.007061783180724399,-4.267203662614457,8.697203662614458,0.4044444444444445,0.4244444444444445,-0.65,0.004828611087431186,0.0026469495224382736,-0.0017163736075475502
1589985386.7928233,0.0022707953855494838,-4.304541590771099,8.69772920461445,0.41330668555623024,0.4169456250421642,-0.6820404101733792,0.0010169827969176127,0.0028509296316065543,-0.0015123934983792696
1589985386.8028233,0.001541536627274959,-4.353833853490901,8.681541536627275,0.4188888888888889,0.4122222222222222,-0.7022222222222222,-0.004781531670331364,0.0005044666816131872,0.001677194883379725
1589985386.8128233,0.03388565497946844,-4.317642931275664,8.62070010378593,0.4188888888888889,0.4122222222222222,-0.7022222222222222,-0.0036059781356493556,0.0,-0.0015146899886729365
1589985386.8228233,-0.0037010711534160162,-4.301259785769316,8.653701071153415,0.4188888888888889,0.4122222222222222,-0.7022222222222222,0.0024479644895763226,0.0019068189456885635,-0.0012282520921486303
1589985386.8328233,-0.0030149649554839933,-4.272059859821936,8.708895245311613,0.4188888888888889,0.4122222222222222,-0.7022222222222222,0.005558339720501737,0.002181661564992912,-0.0003288816581589997
1589985386.8428233,0.016001352556023484,-4.308004057668071,8.705997971165964,0.42866749322868103,0.42200082656201443,-0.6888877617588693,-0.002182399269865646,-0.00043655362446040277,0.0017454767929688765
1589985386.8528233,0.036724792939899484,-4.32836239646995,8.624738431770451,0.4311111111111111,0.4244444444444445,-0.6855555555555556,-0.008012106923930173,-0.0029152226794686314,-0.0005549262804653509
1589985386.8628232,0.016148412301821652,-4.36975264616363,8.562296824603644,0.4311111111111111,0.4244444444444445,-0.6855555555555556,-0.008726646259971648,-0.0024052241450698104,0.0006437056223426595
1589985386.8728232,-0.0058815157874424085,-4.340296210531394,8.597644547362327,0.4311111111111111,0.4244444444444445,-0.6855555555555556,0.0008015792015334446,-0.00044925693562834963,0.00022462846781417481
1589985386.8828232,-0.0010484076262443544,-4.312096815252489,8.663709554242534,0.4311111111111111,0.4244444444444445,-0.6855555555555556,0.003760725973172027,0.0014647008770479765,-0.0004882336256826588
1589985386.8928232,0.009703123045490557,-4.29,8.729406246090981,0.430748261500044,0.4238506905354256,-0.6858194461817863,0.004136633365570933,0.0031753395913115576,-0.0011232150345557262
1589985386.9028232,0.008866517878341803,-4.3032997768175125,8.714433258939172,0.4188888888888889,0.4044444444444445,-0.6944444444444444,-0.003272492347489368,0.0,-0.002181661564992912
1589985386.9128232,0.012686041913799921,-4.3346279161724,8.610290628706998,0.4188888888888889,0.4044444444444445,-0.6944444444444444,-0.001676834223026185,0.0007978290622315914,-0.0013838325027613206
1589985386.9228232,0.0217783064705291,-4.322332540294206,8.628891532352645,0.4188888888888889,0.4044444444444445,-0.6944444444444444,0.0014787970702496102,0.00044842381930993943,-0.001090830782496456
1589985386.9328232,0.015489329776592198,-4.314836890074469,8.674836890074468,0.4188888888888889,0.4044444444444445,-0.6944444444444444,0.0038001152059676333,-0.0015828685754347958,-0.001090830782496456
1589985386.9428232,0.0,-4.291441261562284,8.708558738437716,0.412013637042772,0.4113196962905614,-0.6833382683853325,0.001248048030273236,-0.0017148547976330742,-0.0016100432991152207
1589985386.9528232,0.005928592311065634,-4.295571553866393,8.734071407688935,0.4044444444444445,0.4188888888888889,-0.6711111111111111,-0.006061916158862231,-0.0012934181979564394,-0.0008882433670364725
1589985386.9628232,0.0022289779751242522,-4.3277710220248755,8.597892625577114,0.4044444444444445,0.4188888888888889,-0.6711111111111111,-0.006183585249113926,-0.002181661564992912,0.0
1589985386.9728231,0.008052339721762818,-4.346104679443525,8.59220935888705,0.4044444444444445,0.4188888888888889,-0.6711111111111111,-0.0010622838926733656,-0.001303287561031129,0.0008783740039617828
1589985386.9828231,0.02323285694788356,-4.3169178576302905,8.646314999317593,0.4044444444444445,0.4188888888888889,-0.6711111111111111,0.004330442309737047,0.001796130757328242,0.0003690903975402815
1589985386.9928231,0.014838451103711925,-4.307580774448144,8.70790387224072,0.41539445198065256,0.4188888888888889,-0.6778495772872392,0.003237247845699496,0.0016186239228497478,0.0
1589985387.002823,0.01,-4.303007669906894,8.699023009720683,0.4188888888888889,0.4188888888888889,-0.68,-0.0023948077791684226,0.0018535756731900116,-0.0015254897813871116
1589985387.012823,0.01,-4.322510109206943,8.614966302643523,0.4188888888888889,0.4188888888888889,-0.68,-0.003544832461976146,0.002181661564992912,-0.00300015223300259
1589985387.022823,0.01764046772206337,-4.337640467722063,8.597640467722064,0.4188888888888889,0.4188888888888889,-0.68,6.129060606955205e-05,0.0005147700882134518,-0.0024390466090996378
1589985387.032823,0.014663275925739416,-4.34,8.658703964816867,0.4188888888888889,0.4188888888888889,-0.68,0.001090830782496456,-0.0017464388693680041,-0.002763807854782247
1589985387.042823,0.00429342789217069,-4.311467139460853,8.71,0.4150845074836694,0.4188888888888889,-0.68,0.001090830782496456,-0.00016004008861141917,-0.0020275114439381884
1589985387.052823,0.0,-4.285221893039308,8.724334320882075,0.4122222222222222,0.4188888888888889,-0.68,-0.0004728010639384018,0.002181661564992912,-0.001090830782496456
1589985387.062823,0.00254817494245314,-4.295289049654719,8.696681025978297,0.4122222222222222,0.4188888888888889,-0.68,-0.00329351263155852,0.0016257360317101077,-0.001090830782496456
1589985387.072823,0.013571600570507715,-4.336428399429492,8.58428640228203,0.4122222222222222,0.4188888888888889,-0.68,-0.004596978772432876,-0.0011688035535275159,-0.0014804319670056279
1589985387.082823,0.0172493729573611,-4.33,8.626503762255833,0.4122222222222222,0.4188888888888889,-0.68,0.00040940354214239567,-0.002072304887778287,-0.0015815678351373715
1589985387.092823,0.01,-4.319794479280565,8.68530828107915,0.41959287607514684,0.42455862262190786,-0.68,0.002693448707161211,-2.2418832719952632e-05,0.0005566248076082043
1589985387.102823,0.01,-4.31,8.687515140163576,0.4266666666666667,0.43,-0.68,-0.0009519996312122565,-0.0017717742537326933,0.0004098873112602186
1589985387.112823,0.004891094521413807,-4.320217810957172,8.634019850692724,0.4266666666666667,0.43,-0.68,-0.0032962518371742336,-0.0005097761567209294,0.0
1589985387.122823,0.0,-4.325241975838159,8.609032096647367,0.4266666666666667,0.43,-0.68,-0.004882343051945679,0.000571810860536601,-0.0010380398439197099
1589985387.132823,0.010251428141912208,-4.340502856283825,8.635125714070957,0.4266666666666667,0.43,-0.68,-0.002658510567045209,0.0,-0.0010634042268180838
1589985387.142823,0.025763676306406885,-4.336945294774373,8.691873086757662,0.411296863182915,0.41975346434416555,-0.6832020423924483,0.0012574391070748212,-0.0006287195535374106,-0.001886158660612232
1589985387.152823,0.01541359561151253,-4.312706797805756,8.708120393417268,0.4,0.4122222222222222,-0.6855555555555556,0.0013860966193477357,0.002091429000084249,-0.000885797510553839
1589985387.162823,0.0027527758787335866,-4.3172472241212665,8.634774982908601,0.4,0.4122222222222222,-0.6855555555555556,-0.0036524663129804836,0.003272492347489368,0.0
1589985387.172823,0.005864253744356823,-4.325864253744357,8.633457014977427,0.4,0.4122222222222222,-0.6855555555555556,-0.004174772212339375,0.003272492347489368,-0.001279381700142905
1589985387.182823,0.023288174956454424,-4.334429391652152,8.663288174956454,0.4,0.4122222222222222,-0.6855555555555556,-0.002789320671299402,0.0013398056427295032,-0.0007321465364230131
1589985387.192823,0.025463938549384814,-4.332731969274692,8.694536061450615,0.4068642512405683,0.4122222222222222,-0.6786913043149873,-0.0013888424006633553,-0.0006944212003316776,0.001090830782496456
1589985387.202823,0.009905933688615472,-4.315047033155692,8.715047033155694,0.4188888888888889,0.4122222222222222,-0.6666666666666666,0.001080569739691042,0.000540284869845521,0.001631115652341977
1589985387.212823,-0.0077695185831878275,-4.31,8.61974906460464,0.4188888888888889,0.4122222222222222,-0.6666666666666666,-9.022686143073718e-05,0.00033353464035523967,0.0006670692807104793
1589985387.222823,0.007111445989451331,-4.316777861497363,8.634222891978903,0.4188888888888889,0.4122222222222222,-0.6666666666666666,-0.0025695307746606364,0.00147869999216418,-0.00147869999216418
1589985387.232823,0.009357780624438369,-4.325321109687781,8.65467889031222,0.4188888888888889,0.4122222222222222,-0.6666666666666666,-0.00385293537193651,0.002181661564992912,-0.002181661564992912
1589985387.242823,0.007896497175141244,-4.32605175141243,8.677637740112996,0.4131858631512869,0.4091513622096673,-0.668421443816698,-0.002640574691477749,0.0008896002361118553,-0.0017509744553658932
1589985387.2528229,0.010202235575369905,-4.305303353363055,8.715101117787686,0.4044444444444445,0.4044444444444445,-0.6711111111111111,0.001603155455105278,-2.2060479092937376e-05,-0.001090830782496456
1589985387.2628229,0.0,-4.2949816186974985,8.665165431722508,0.4044444444444445,0.4044444444444445,-0.6711111111111111,0.0016422614409218252,-0.000539400124071087,-0.0016342410846856368
1589985387.2728229,0.009813137032842582,-4.304906568516421,8.629813137032842,0.4044444444444445,0.4044444444444445,-0.6711111111111111,-0.0016056707922420938,-0.0011112143701648494,-0.0016464379675788807
1589985387.2828228,0.016153834665073558,-4.325384661339705,8.659230826674632,0.4044444444444445,0.4044444444444445,-0.6711111111111111,-0.0028529407932985124,0.0004195515541908556,-0.001090830782496456
1589985387.2928228,0.009715658021133526,-4.348862632084534,8.689715658021132,0.4046655993168962,0.4051710961682144,-0.6713638595367702,-0.0021196277683322106,0.001090830782496456,-0.0010598138841661053
1589985387.3028228,0.0,-4.315045738171685,8.695137214515055,0.4122222222222222,0.43,-0.68,0.0022016186072364406,-9.978521121764344e-06,-0.0005504046518091102
1589985387.3128228,0.0,-4.32,8.656752913429523,0.4122222222222222,0.43,-0.68,0.0037179502287710436,-0.0004454578812816757,0.0001999150199331046
1589985387.3228228,0.0,-4.308951678951679,8.642096642096641,0.4122222222222222,0.43,-0.68,0.0014647150433275509,-0.0006025924347206056,0.0004882383477758503
1589985387.3328228,0.0,-4.3,8.66,0.4122222222222222,0.43,-0.68,-0.0028516975968006543,-0.001090830782496456,-0.0009505658656002182
1589985387.3428228,0.011611645322816503,-4.311611645322817,8.671611645322816,0.4122222222222222,0.42838727148294214,-0.6761294515590612,-0.005595009183461792,-0.0017241477901744182,-0.0012316860534759692
1589985387.3528228,0.023743797925124044,-4.327807848443843,8.687807848443843,0.4122222222222222,0.4244444444444445,-0.6666666666666666,-0.003272492347489368,-0.001942534925257559,0.00020419250100858332
1589985387.3628228,0.0053115331064356435,-4.299376933787128,8.64344233446782,0.4122222222222222,0.4244444444444445,-0.6666666666666666,-0.002113695584539563,0.0,-0.0005114324010215536
1589985387.3728228,0.01,-4.295425505824648,8.636276517473942,0.4122222222222222,0.4244444444444445,-0.6666666666666666,-0.0016826616589103822,0.0005918308764139264,-0.0017754926292417792
1589985387.3828228,0.014989382720608601,-4.304989382720608,8.664968148161826,0.4122222222222222,0.4244444444444445,-0.6666666666666666,-0.003270176016452067,0.0005465735567668783,-0.0016397206703006352
1589985387.3928227,0.02474689834257686,-4.319493796685154,8.689493796685154,0.4122222222222222,0.4244444444444445,-0.662447201473265,-0.0033277105632929745,0.001553418850039274,-0.0005178062833464247
1589985387.4028227,0.02407497565725414,-4.341850048685491,8.694074975657253,0.4122222222222222,0.4244444444444445,-0.6577777777777778,-0.00024270188296050647,0.0019798525594677645,-0.00044451088848565415
1589985387.4128227,0.02,-4.3344530228106555,8.655019301323975,0.4122222222222222,0.4244444444444445,-0.6577777777777778,0.0019387868471418108,0.001090830782496456,0.0
1589985387.4228227,0.018646748681898067,-4.311353251318102,8.609472759226714,0.4122222222222222,0.4244444444444445,-0.6577777777777778,0.0029772587086414697,0.0007955971436485576,-0.00029523363884789846
1589985387.4328227,0.007032779906343125,-4.311098339719029,8.675934440187314,0.4122222222222222,0.4244444444444445,-0.6577777777777778,0.001090830782496456,-0.0001198102775155749,-0.0008869675583517375
1589985387.4428227,0.0004195638806111339,-4.291258691641834,8.689160872238777,0.4122222222222222,0.4244444444444445,-0.6577777777777778,0.001090830782496456,0.002044359606134624,0.0019985922865151944
1589985387.4528227,0.011225818932164044,-4.308774181067836,8.693161271601754,0.4,0.4122222222222222,-0.6711111111111111,-0.00013371610249714747,0.0015693881224961102,0.0
1589985387.4628227,0.004778078563499329,-4.310443842873001,8.657441135801507,0.4,0.4122222222222222,-0.6711111111111111,0.0016120383003216075,0.002181661564992912,-0.0005212075178251515
1589985387.4728227,0.006916146916146917,-4.306167706167706,8.618503118503119,0.4,0.4122222222222222,-0.6711111111111111,0.0015088691904801984,0.0015088691904801984,-0.0007544345952400992
1589985387.4828227,0.0023171260810459027,-4.3176828739189546,8.666951378243137,0.4,0.4122222222222222,-0.6711111111111111,0.00025275924561302484,0.00025275924561302484,0.0
1589985387.4928226,0.016040766632629017,-4.3190611499489435,8.693020383316314,0.41174593511900087,0.4175917925623369,-0.6737958962811684,-0.00022706005605338227,0.0007613580728589964,0.00032947270963745956
1589985387.5028226,0.02470461691212974,-4.342647691543935,8.689409233824259,0.4388888888888889,0.43,-0.68,-0.0024060373158853654,0.0005776366877360018,0.0016684674702324579
1589985387.5128226,0.005229910009472687,-4.340459820018945,8.617069190085255,0.4388888888888889,0.43,-0.68,0.0015610082990836264,0.002701997664687454,0.003272492347489368
1589985387.5228226,0.0,-4.310817391304348,8.603569565217391,0.4388888888888889,0.43,-0.68,0.004318741350179447,0.0027493678461443286,0.002226243344799289
1589985387.5328226,0.0,-4.299220039904084,8.681490179568378,0.4388888888888889,0.43,-0.68,0.004448403578160256,0.001175911230670888,8.508044817443199e-05
1589985387.5428226,0.003635173657571703,-4.3136351736575715,8.72636482634243,0.42636773517947524,0.42596091815825365,-0.6751531017899044,0.0016863486173295903,0.00039653593253994446,-0.001090830782496456
1589985387.5528226,0.01,-4.33061032367252,8.72,0.4044444444444445,0.4188888888888889,-0.6666666666666666,-0.002248237549919975,-6.657598492706323e-05,-0.001090830782496456
1589985387.5628226,0.005709039948910807,-4.3271271198467325,8.67279943943802,0.4044444444444445,0.4188888888888889,-0.6666666666666666,-0.0014002078234131054,-0.001090830782496456,-0.0001546885204583246
1589985387.5728226,0.003143215999484719,-4.313143215999484,8.625716079997423,0.4044444444444445,0.4188888888888889,-0.6666666666666666,0.0007479591056691264,-0.0007479591056691264,0.0007479591056691264
1589985387.5828226,0.006915125623636961,-4.32,8.669254623129088,0.4044444444444445,0.4188888888888889,-0.6666666666666666,0.00033650759298713606,-0.00033650759298713606,0.0
1589985387.5928226,0.0006499268066800096,-4.32,8.68805021957996,0.4044444444444445,0.4188888888888889,-0.6666666666666666,0.0010199347657868381,-0.0010199347657868381,0.0
1589985387.6028225,0.012467435802009676,-4.312597692593971,8.69493487160402,0.4266666666666667,0.4188888888888889,-0.6711111111111111,-0.00014168215224833022,-0.0006799931375815272,0.0015016684274113848
1589985387.6128225,0.0,-4.345956047481552,8.629560474815527,0.4266666666666667,0.4188888888888889,-0.6711111111111111,-0.0004171544089623918,-0.00132338036702289,0.0012994079869776518
1589985387.6228225,0.0022666074041150434,-4.342266607404115,8.583599644424691,0.4266666666666667,0.4188888888888889,-0.6711111111111111,0.0029234071034658343,-0.0027779953218407534,0.0
1589985387.6328225,0.010058343057176197,-4.349824970828471,8.630175029171529,0.4266666666666667,0.4188888888888889,-0.6711111111111111,0.005428696951397182,-0.0010717380616826323,6.364240271274539e-06
1589985387.6428225,0.01568741074939465,-4.315687410749395,8.672937767751817,0.4249895486247646,0.4188888888888889,-0.6711111111111111,0.001090830782496456,0.002181661564992912,0.000855615527155274
1589985387.6528225,0.0,-4.3043689215474386,8.712718464087603,0.4188888888888889,0.4188888888888889,-0.6711111111111111,0.0006142553714706107,0.0023405200353348605,0.0001588584703419484
1589985387.6628225,0.0,-4.332778938379664,8.642210616203357,0.4188888888888889,0.4188888888888889,-0.6711111111111111,-0.0015753912595532008,0.0026662220420496565,0.0007876956297766004
1589985387.6728225,0.0,-4.339174735814819,8.578252641851812,0.4188888888888889,0.4188888888888889,-0.6711111111111111,-0.00018004471537750883,0.0012708754978739646,9.002235768875442e-05
1589985387.6828225,0.015549959709911361,-4.317774979854955,8.666675060435132,0.4188888888888889,0.4188888888888889,-0.6711111111111111,0.0013335428290853631,-0.0012108133786372828,0.0016962374718150974
1589985387.6928225,0.0,-4.31,8.696204692624674,0.41061596538932343,0.41682065801399754,-0.673868752277633,0.0018432480794467487,0.0015048345939005856,0.0
